match_keyword,standard_product_name,brand,product_group,main_ingredient,category_major,category_middle,category_sub,classification_source,classification_score,manual_lock,review_status,enabled,admin_action,admin_updated_at,note
1) 고려은단 관절 올케어,,,,,,,,,,,확인필요,N,,,2026-08-25 신규 자동등록 · 표준상품명 미확정 · 대시보드에서 기존상품 연결/신규확정/제외 필요
100% 경북 제철 햇 홍로사과 4.5kg,,,,,,,,,,,확인필요,N,,,2026-08-26 신규 자동등록 · 표준상품명 미확정 · 대시보드에서 기존상품 연결/신규확정/제외 필요
1등급 무항생제 오리로스 14팩,,,,,,,,,,,확인필요,N,,,2026-08-24 신규 자동등록 · 표준상품명 미확정 · 대시보드에서 기존상품 연결/신규확정/제외 필요
2) 고려은단 관절 올케어,,,,,,,,,,,확인필요,N,,,2026-08-25 신규 자동등록 · 표준상품명 미확정 · 대시보드에서 기존상품 연결/신규확정/제외 필요
2026 네명 햇 무안황토 호박고구마 총 6kg,,,,,,,,,,,확인필요,N,,,2026-08-27 신규 자동등록 · 표준상품명 미확정 · 대시보드에서 기존상품 연결/신규확정/제외 필요
2026 영양 빛깔찬 햇고춧가루 4kg,,,,,,,,,,,확인필요,N,,,2026-08-27 신규 자동등록 · 표준상품명 미확정 · 대시보드에서 기존상품 연결/신규확정/제외 필요
2026 영월농협 비단초 햇 고춧가루 500g*4봉,,,,,,,,,,,확인필요,N,,,2026-08-27 신규 자동등록 · 표준상품명 미확정 · 대시보드에서 기존상품 연결/신규확정/제외 필요
2026 청양농협 고춧가루 매운맛 500g * 6봉,,,,,,,,,,,확인필요,N,,,2026-08-26 신규 자동등록 · 표준상품명 미확정 · 대시보드에서 기존상품 연결/신규확정/제외 필요
2026 하늘빛 경북 홍로세척사과 4kg,,,,,,,,,,,확인필요,N,,,2026-08-25 신규 자동등록 · 표준상품명 미확정 · 대시보드에서 기존상품 연결/신규확정/제외 필요
2026 햇살촌 영양 청결고춧가루 500g * 4EA,,,,,,,,pending,,N,확인필요,N,,,2026-08-28 신규 자동등록 · 표준상품명 미확정 · 대시보드에서 기존상품 연결/신규확정/제외 필요
26년 안면도 태양초 햇고춧가루 2kg,,,,,,,,,,,확인필요,N,,,2026-08-27 신규 자동등록 · 표준상품명 미확정 · 대시보드에서 기존상품 연결/신규확정/제외 필요
26년 한들애 황도 말랑이 복숭아 4kg,,,,,,,,,,,확인필요,N,,,2026-08-24 신규 자동등록 · 표준상품명 미확정 · 대시보드에서 기존상품 연결/신규확정/제외 필요
26년 햇 경북 들사랑 청결 고춧가루 / 총 4kg,,,,,,,,,,,확인필요,N,,,2026-08-24 신규 자동등록 · 표준상품명 미확정 · 대시보드에서 기존상품 연결/신규확정/제외 필요
26년_안동제비원 전통고추장 담그기_26년 햇고춧가루사용,,,,,,,,,,,확인필요,N,,,2026-08-26 신규 자동등록 · 표준상품명 미확정 · 대시보드에서 기존상품 연결/신규확정/제외 필요
3) 고려은단 관절 올케어,,,,,,,,,,,확인필요,N,,,2026-08-25 신규 자동등록 · 표준상품명 미확정 · 대시보드에서 기존상품 연결/신규확정/제외 필요
"★300초★ 하동녹차 명란김 6gx60봉, 권여사 명란자반 70gx2봉",,,,,,,,,,,확인필요,N,,,2026-08-27 신규 자동등록 · 표준상품명 미확정 · 대시보드에서 기존상품 연결/신규확정/제외 필요
47년 강릉 노포맛집 동해막국수 비빔 9팩+물 9팩,,,,,,,,,,,확인필요,N,,,2026-08-23 신규 자동등록 · 표준상품명 미확정 · 대시보드에서 기존상품 연결/신규확정/제외 필요
"BBQ 통닭다리 바베큐 , 총170gx18팩",,,,,,,,,,,확인필요,N,,,2026-08-24 신규 자동등록 · 표준상품명 미확정 · 대시보드에서 기존상품 연결/신규확정/제외 필요
D_ 토비콤 루테인 지아잔틴 아스타잔틴 12박스,,,,,,,,,,,확인필요,N,,,2026-08-26 신규 자동등록 · 표준상품명 미확정 · 대시보드에서 기존상품 연결/신규확정/제외 필요
D_미녀의 석류 콜라겐 8박스 총 200포,,,,,,,,,,,확인필요,N,,,2026-08-28 신규 자동등록 · 표준상품명 미확정 · 대시보드에서 기존상품 연결/신규확정/제외 필요
JS라이프투게더 제주도 4일 패키지,,,,,,,,,,,확인필요,N,,,2026-08-27 신규 자동등록 · 표준상품명 미확정 · 대시보드에서 기존상품 연결/신규확정/제외 필요
L)카사베르디 와인비니거3,,,,,,,,,,,확인필요,N,,,2026-08-24 신규 자동등록 · 표준상품명 미확정 · 대시보드에서 기존상품 연결/신규확정/제외 필요
NEW 여에스더 리포좀 글루타치온 다이렉트 12X 알파네트워크 6박스,,,,,,,,,,,확인필요,N,,,2026-08-30 신규 자동등록 · 표준상품명 미확정 · 대시보드에서 기존상품 연결/신규확정/제외 필요
T 뉴케어 당플랜코어 144팩 + 한입 영양 안심바 2봉,,,,,,,,,,,확인필요,N,,,2026-08-25 신규 자동등록 · 표준상품명 미확정 · 대시보드에서 기존상품 연결/신규확정/제외 필요
TV황태김치 8kg,,,,,,,,,,,확인필요,N,,,2026-08-27 신규 자동등록 · 표준상품명 미확정 · 대시보드에서 기존상품 연결/신규확정/제외 필요
TV황태김치2.5kg+총각김치2.5kg+호박겨자김치1.5kg+양배추물김치1.5kg,,,,,,,,,,,확인필요,N,,,2026-08-27 신규 자동등록 · 표준상품명 미확정 · 대시보드에서 기존상품 연결/신규확정/제외 필요
w100주년특집 유한양행 당큐락 9개월분 +당큐락 플러스 1박스,,,,,,,,,,,확인필요,N,,,2026-08-25 신규 자동등록 · 표준상품명 미확정 · 대시보드에서 기존상품 연결/신규확정/제외 필요
가시제거연구소 고등어밥상 노르웨이 순살고등어 550g 3봉,,,,,,,,,,,확인필요,N,,,2026-08-25 신규 자동등록 · 표준상품명 미확정 · 대시보드에서 기존상품 연결/신규확정/제외 필요
가시제거연구소 고등어밥상 노르웨이 순살고등어 700g 3봉,,,,,,,,,,,확인필요,N,,,2026-08-28 신규 자동등록 · 표준상품명 미확정 · 대시보드에서 기존상품 연결/신규확정/제외 필요
감귤 과즐 팝크래커 2박스,,,,,,,,,,,확인필요,N,,,2026-08-28 신규 자동등록 · 표준상품명 미확정 · 대시보드에서 기존상품 연결/신규확정/제외 필요
"강레오쉐프의 수빙고 무늬오징어 100gx6팩 + 팩당 간장,와사비 포함",,,,,,,,,,,확인필요,N,,,2026-08-28 신규 자동등록 · 표준상품명 미확정 · 대시보드에서 기존상품 연결/신규확정/제외 필요
강원두백감자2,,,,,,,,,,,확인필요,N,,,2026-08-28 신규 자동등록 · 표준상품명 미확정 · 대시보드에서 기존상품 연결/신규확정/제외 필요
갱년기엔 이알하나 28정x10박스 + 2박스 더,,,,,,,,,,,확인필요,N,,,2026-08-27 신규 자동등록 · 표준상품명 미확정 · 대시보드에서 기존상품 연결/신규확정/제외 필요
건강한 간 밀크씨슬,,,,,,,,,,,확인필요,N,,,2026-08-28 신규 자동등록 · 표준상품명 미확정 · 대시보드에서 기존상품 연결/신규확정/제외 필요
고구마,,,,,,,,,,,확인필요,N,,,2026-08-28 신규 자동등록 · 표준상품명 미확정 · 대시보드에서 기존상품 연결/신규확정/제외 필요
고단백 닭가슴살면 10팩 + 소스10팩 | 원산지 : 상품정보 참조,,,,,,,,,,,확인필요,N,,,2026-08-25 신규 자동등록 · 표준상품명 미확정 · 대시보드에서 기존상품 연결/신규확정/제외 필요
곤지암식 한우소머리곰탕 10팩,,,,,,,,,,,확인필요,N,,,2026-08-27 신규 자동등록 · 표준상품명 미확정 · 대시보드에서 기존상품 연결/신규확정/제외 필요
▲골드 카무트효소 12박스 + 파로 280g X 5봉 + 그라노벨로 필리니 4봉 더▲ | 원산지 : 상품정보 참조,,,,,,,,,,,확인필요,N,,,2026-08-26 신규 자동등록 · 표준상품명 미확정 · 대시보드에서 기존상품 연결/신규확정/제외 필요
공주밤두부과자1,,,,,,,,,,,확인필요,N,,,2026-08-25 신규 자동등록 · 표준상품명 미확정 · 대시보드에서 기존상품 연결/신규확정/제외 필요
공주밤두부과자2,,,,,,,,,,,확인필요,N,,,2026-08-25 신규 자동등록 · 표준상품명 미확정 · 대시보드에서 기존상품 연결/신규확정/제외 필요
● 관절연골엔 NEM 12개월 + 휴라이프 천국의 계단 스텝퍼,,,,,,,,,,,확인필요,N,,,2026-08-28 신규 자동등록 · 표준상품명 미확정 · 대시보드에서 기존상품 연결/신규확정/제외 필요
교원투어,,,제외,,,,,,,,제외,N,,,식품이 아닌 여행상품. 자동 분석/대시보드에서 제외
국내산 갑오징어 200g × 7팩,,,,,,,,,,,확인필요,N,,,2026-08-26 신규 자동등록 · 표준상품명 미확정 · 대시보드에서 기존상품 연결/신규확정/제외 필요
국내산 서해안 뱅어포 4장 x 5봉 / 총 20장,,,,,,,,,,,확인필요,N,,,2026-08-28 신규 자동등록 · 표준상품명 미확정 · 대시보드에서 기존상품 연결/신규확정/제외 필요
국내산 손질 문어 1.3kg,,,,,,,,,,,확인필요,N,,,2026-08-25 신규 자동등록 · 표준상품명 미확정 · 대시보드에서 기존상품 연결/신규확정/제외 필요
국내산 신안 빙장 생새우 1kg,,,,,,,,,,,확인필요,N,,,2026-08-25 신규 자동등록 · 표준상품명 미확정 · 대시보드에서 기존상품 연결/신규확정/제외 필요
국내산 영산포 숙성홍어회 모듬살 100g×10팩+ 초고추장 20g×10팩,,,,,,,,,,,확인필요,N,,,2026-08-29 신규 자동등록 · 표준상품명 미확정 · 대시보드에서 기존상품 연결/신규확정/제외 필요
국내산 제주탐나감자 5kg,,,,,,,,,,,확인필요,N,,,2026-08-28 신규 자동등록 · 표준상품명 미확정 · 대시보드에서 기존상품 연결/신규확정/제외 필요
국내산 특대 고등어 120g × 22팩,,,,,,,,,,,확인필요,N,,,2026-08-26 신규 자동등록 · 표준상품명 미확정 · 대시보드에서 기존상품 연결/신규확정/제외 필요
국내산 햇 제주감귤 3kg,,,,,,,,,,,확인필요,N,,,2026-08-26 신규 자동등록 · 표준상품명 미확정 · 대시보드에서 기존상품 연결/신규확정/제외 필요
굴비로 찢어 만든 참맛 고추장굴비 200g × 5통,,,,,,,,,,,확인필요,N,,,2026-08-27 신규 자동등록 · 표준상품명 미확정 · 대시보드에서 기존상품 연결/신규확정/제외 필요
"궁키친 이상민 뼈없는 특 갈비탕 900g*8팩, 얼큰다진양념 5팩",,,,,,,,,,,확인필요,N,,,2026-08-26 신규 자동등록 · 표준상품명 미확정 · 대시보드에서 기존상품 연결/신규확정/제외 필요
궁키친 이상민 시그니처 갈비살 16팩 + 마늘듬뿍 갈비소스 1병,,,,,,,,,,,확인필요,N,,,2026-08-21 신규 자동등록 · 표준상품명 미확정 · 대시보드에서 기존상품 연결/신규확정/제외 필요
그랑베리 캐나다 야생블루베리 100% 12박스+1박스더,,,,,,,,,,,확인필요,N,,,2026-08-28 신규 자동등록 · 표준상품명 미확정 · 대시보드에서 기존상품 연결/신규확정/제외 필요
그레인온 캡슐레이션효소 10박스+무선 텀블러 블렌더,,,,,,,,,,,확인필요,N,,,2026-08-27 신규 자동등록 · 표준상품명 미확정 · 대시보드에서 기존상품 연결/신규확정/제외 필요
그레인온_카무트효소,,,,,,,,,,,확인필요,N,,,2026-08-26 신규 자동등록 · 표준상품명 미확정 · 대시보드에서 기존상품 연결/신규확정/제외 필요
김규흔명장의 시그니처 영양바 80개 + 미니꿀약과 2봉,,,,,,,,,,,확인필요,N,,,2026-08-26 신규 자동등록 · 표준상품명 미확정 · 대시보드에서 기존상품 연결/신규확정/제외 필요
김석원 백태 낫또 45.5g x 34개,,,,,,,,,,,확인필요,N,,,2026-08-25 신규 자동등록 · 표준상품명 미확정 · 대시보드에서 기존상품 연결/신규확정/제외 필요
김선영의 황태구이 간장맛 200g x 4팩 + 김선영의 황태구이 고추장맛 200g x 4팩,,,,,,,,,,,확인필요,N,,,2026-08-27 신규 자동등록 · 표준상품명 미확정 · 대시보드에서 기존상품 연결/신규확정/제외 필요
김연도 오색현미500g*8봉+햇흰찰쌀보리600g*5봉,,,,,,,,,,,확인필요,N,,,2026-08-25 신규 자동등록 · 표준상품명 미확정 · 대시보드에서 기존상품 연결/신규확정/제외 필요
김오곤 원장의 한방 다이어트 블랙,,,,,,,,,,,확인필요,N,,,2026-08-28 신규 자동등록 · 표준상품명 미확정 · 대시보드에서 기존상품 연결/신규확정/제외 필요
김하진 궁중 한우 도가니수육탕 700g × 10팩 + 700g × 2팩 _실온보관,,,,,,,,,,,확인필요,N,,,2026-08-25 신규 자동등록 · 표준상품명 미확정 · 대시보드에서 기존상품 연결/신규확정/제외 필요
김하진 수라간 LA갈비 400g x 10팩,,,,,,,,,,,확인필요,N,,,2026-08-28 신규 자동등록 · 표준상품명 미확정 · 대시보드에서 기존상품 연결/신규확정/제외 필요
김하진_새우장,,,,,,,,,,,확인필요,N,,,2026-08-25 신규 자동등록 · 표준상품명 미확정 · 대시보드에서 기존상품 연결/신규확정/제외 필요
김하진의 궁중 우리소 LA갈비 550g×8팩,,,,,,,,,,,확인필요,N,,,2026-08-25 신규 자동등록 · 표준상품명 미확정 · 대시보드에서 기존상품 연결/신규확정/제외 필요
김하진의 황태채 양념구이 150g×11통,,,,,,,,,,,확인필요,N,,,2026-08-28 신규 자동등록 · 표준상품명 미확정 · 대시보드에서 기존상품 연결/신규확정/제외 필요
김호윤셰프의 시그니처 한우한돈 함박스테이크 총 16팩,,,,,,,,,,,확인필요,N,,,2026-08-25 신규 자동등록 · 표준상품명 미확정 · 대시보드에서 기존상품 연결/신규확정/제외 필요
"깐깐한주부 박미선의 포기김치10kg+보리열무김치1kg, 총 11kg",,,,,,,,,,,확인필요,N,,,2026-08-25 신규 자동등록 · 표준상품명 미확정 · 대시보드에서 기존상품 연결/신규확정/제외 필요
깨끗한 소분 멸치,,,,,,,,,,,확인필요,N,,,2026-08-27 신규 자동등록 · 표준상품명 미확정 · 대시보드에서 기존상품 연결/신규확정/제외 필요
나주배1,,,,,,,,,,,확인필요,N,,,2026-08-22 신규 자동등록 · 표준상품명 미확정 · 대시보드에서 기존상품 연결/신규확정/제외 필요
넛츠데이 그랜드넛츠 3세트 총90봉,,,,,,,,,,,확인필요,N,,,2026-08-25 신규 자동등록 · 표준상품명 미확정 · 대시보드에서 기존상품 연결/신규확정/제외 필요
녹우원 소모둠 맑은탕 600g x 10팩,,,,,,,,,,,확인필요,N,,,2026-08-26 신규 자동등록 · 표준상품명 미확정 · 대시보드에서 기존상품 연결/신규확정/제외 필요
농협맛선 균형미블랙 16.5kg,,,,,,,,,,,확인필요,N,,,2026-08-26 신규 자동등록 · 표준상품명 미확정 · 대시보드에서 기존상품 연결/신규확정/제외 필요
뉴밋블루베리,,,,,,,,,,,확인필요,N,,,2026-08-27 신규 자동등록 · 표준상품명 미확정 · 대시보드에서 기존상품 연결/신규확정/제외 필요
뉴밋하스카프,,,,,,,,,,,확인필요,N,,,2026-08-25 신규 자동등록 · 표준상품명 미확정 · 대시보드에서 기존상품 연결/신규확정/제외 필요
뉴온 매직키드 6박스,,,,,,,,,,,확인필요,N,,,2026-08-26 신규 자동등록 · 표준상품명 미확정 · 대시보드에서 기존상품 연결/신규확정/제외 필요
뉴질랜드 프리미엄 산양유 12통+츄어블1박스,,,,,,,,,,,확인필요,N,,,2026-08-25 신규 자동등록 · 표준상품명 미확정 · 대시보드에서 기존상품 연결/신규확정/제외 필요
뉴케어 당플랜 코어 호두맛 144팩 + 저당양갱 2봉,,,,,,,,,,,확인필요,N,,,2026-08-27 신규 자동등록 · 표준상품명 미확정 · 대시보드에서 기존상품 연결/신규확정/제외 필요
뉴트리코어 관절엔 난각막 DEM 12박스,,,,,,,,,,,확인필요,N,,,2026-08-26 신규 자동등록 · 표준상품명 미확정 · 대시보드에서 기존상품 연결/신규확정/제외 필요
뉴트리코어 하이퍼셀 코엔자임Q10 맥스 6박스,,,,,,,,,,,확인필요,N,,,2026-08-25 신규 자동등록 · 표준상품명 미확정 · 대시보드에서 기존상품 연결/신규확정/제외 필요
뉴트리코어 헤어그릭스 케라넷 3박스,,,,,,,,,,,확인필요,N,,,2026-08-23 신규 자동등록 · 표준상품명 미확정 · 대시보드에서 기존상품 연결/신규확정/제외 필요
다모고구마1,,,,,,,,,,,확인필요,N,,,2026-08-22 신규 자동등록 · 표준상품명 미확정 · 대시보드에서 기존상품 연결/신규확정/제외 필요
다미소반 쌀국수 30개,,,,,,,,,,,확인필요,N,,,2026-08-29 신규 자동등록 · 표준상품명 미확정 · 대시보드에서 기존상품 연결/신규확정/제외 필요
다슬기 명가 <정옥> 다슬기 해장국 350g × 11팩,,,,,,,,,,,확인필요,N,,,2026-08-29 신규 자동등록 · 표준상품명 미확정 · 대시보드에서 기존상품 연결/신규확정/제외 필요
다이어트 유산균 6개월분,,,,,,,,,,,확인필요,N,,,2026-08-25 신규 자동등록 · 표준상품명 미확정 · 대시보드에서 기존상품 연결/신규확정/제외 필요
다이어트 유산균 비에날씬 9박스+슬림3박스,,,,,,,,,,,확인필요,N,,,2026-08-25 신규 자동등록 · 표준상품명 미확정 · 대시보드에서 기존상품 연결/신규확정/제외 필요
다정헌 호박팥차,,,,,,,,,,,확인필요,N,,,2026-08-24 신규 자동등록 · 표준상품명 미확정 · 대시보드에서 기존상품 연결/신규확정/제외 필요
닥터린 식물성 멜라토닌 함유 하이퍼셀 멜라바인 6박스,,,,,,,,,,,확인필요,N,,,2026-08-27 신규 자동등록 · 표준상품명 미확정 · 대시보드에서 기존상품 연결/신규확정/제외 필요
닥터린 콘드로이친 1200 콘레이티+MBP+K2 12개월분 + 비타민K2 2박스 더,,,,,,,,,,,확인필요,N,,,2026-08-25 신규 자동등록 · 표준상품명 미확정 · 대시보드에서 기존상품 연결/신규확정/제외 필요
■ 닥터린 콘드로이친 1200 콘레이티+MBP+K2 12박스,,,,,,,,,,,확인필요,N,,,2026-08-28 신규 자동등록 · 표준상품명 미확정 · 대시보드에서 기존상품 연결/신규확정/제외 필요
닥터린 파비플로라 x 알파CD 12박스+6박스,,,,,,,,,,,확인필요,N,,,2026-08-25 신규 자동등록 · 표준상품명 미확정 · 대시보드에서 기존상품 연결/신규확정/제외 필요
닥터린 하이퍼셀 대마종자유 6개월분,,,,,,,,,,,확인필요,N,,,2026-08-29 신규 자동등록 · 표준상품명 미확정 · 대시보드에서 기존상품 연결/신규확정/제외 필요
닥터린 하이퍼셀 알티지 오메가3 18개월분,,,,,,,,,,,확인필요,N,,,2026-08-30 신규 자동등록 · 표준상품명 미확정 · 대시보드에서 기존상품 연결/신규확정/제외 필요
닥터파이토 파이토블락 코엔삼백초 삼백초추출물 LHF618,,,,,,,,,,,확인필요,N,,,2026-08-27 신규 자동등록 · 표준상품명 미확정 · 대시보드에서 기존상품 연결/신규확정/제외 필요
*담백한 베지밀A 검은콩두유 190ml*80팩 | 원산지 : 상품정보 참조,,,,,,,,,,,확인필요,N,,,2026-08-26 신규 자동등록 · 표준상품명 미확정 · 대시보드에서 기존상품 연결/신규확정/제외 필요
대원제약 철갑상어 콘드로이친 with MBP 15개월분 + 저압냄비,,,,,,,,,,,확인필요,N,,,2026-08-22 신규 자동등록 · 표준상품명 미확정 · 대시보드에서 기존상품 연결/신규확정/제외 필요
대원제약 포스파티딜세린 8박스 + 오메가3 2박스,,,,,,,,,,,확인필요,N,,,2026-08-28 신규 자동등록 · 표준상품명 미확정 · 대시보드에서 기존상품 연결/신규확정/제외 필요
대현상회 국산 생들기름 4병,,,,,,,,,,,확인필요,N,,,2026-08-27 신규 자동등록 · 표준상품명 미확정 · 대시보드에서 기존상품 연결/신규확정/제외 필요
더동진촉촉오징어1,,,,,,,,,,,확인필요,N,,,2026-08-22 신규 자동등록 · 표준상품명 미확정 · 대시보드에서 기존상품 연결/신규확정/제외 필요
☆ 더블 세브란스케어 구수한 맛 6박스 96팩,,,,,,,,,,,확인필요,N,,,2026-08-28 신규 자동등록 · 표준상품명 미확정 · 대시보드에서 기존상품 연결/신규확정/제외 필요
데이즈온아세로라,,,,,,,,,,,확인필요,N,,,2026-08-27 신규 자동등록 · 표준상품명 미확정 · 대시보드에서 기존상품 연결/신규확정/제외 필요
덴마크 유산균이야기 6박스 12개월분,,,,,,,,,,,확인필요,N,,,2026-08-25 신규 자동등록 · 표준상품명 미확정 · 대시보드에서 기존상품 연결/신규확정/제외 필요
돈까스 18팩,,,,,,,,,,,확인필요,N,,,2026-08-25 신규 자동등록 · 표준상품명 미확정 · 대시보드에서 기존상품 연결/신규확정/제외 필요
동가게PICK YOGA 100% NFC 토마토주스 200ml 24팩,,,,,,,,,,,확인필요,N,,,2026-08-26 신규 자동등록 · 표준상품명 미확정 · 대시보드에서 기존상품 연결/신규확정/제외 필요
동물복지 무항생제 유정란/대란 52g 이상 20구*2판,,,,,,,,,,,확인필요,N,,,2026-08-26 신규 자동등록 · 표준상품명 미확정 · 대시보드에서 기존상품 연결/신규확정/제외 필요
라이필 더마콜라겐 시그니처 RN *5병,,,,,,,,,,,확인필요,N,,,2026-08-30 신규 자동등록 · 표준상품명 미확정 · 대시보드에서 기존상품 연결/신규확정/제외 필요
라이필 더마콜라겐 시그니처RN 초저분자 어린콜라겐 10병+방송에서만 3병더,,,,,,,,,,,확인필요,N,,,2026-08-26 신규 자동등록 · 표준상품명 미확정 · 대시보드에서 기존상품 연결/신규확정/제외 필요
라이필 더마콜라겐 시그니처RN 초저분자 어린콜라겐 5병,,,,,,,,,,,확인필요,N,,,2026-08-22 신규 자동등록 · 표준상품명 미확정 · 대시보드에서 기존상품 연결/신규확정/제외 필요
락토핏 당케어프로 혈당케어 유산균 8통+핸디청소기,,,,,,,,,,,확인필요,N,,,2026-08-23 신규 자동등록 · 표준상품명 미확정 · 대시보드에서 기존상품 연결/신규확정/제외 필요
락토핏 맥스19 유산균 6통 + 2통,,,,,,,,,,,확인필요,N,,,2026-08-25 신규 자동등록 · 표준상품명 미확정 · 대시보드에서 기존상품 연결/신규확정/제외 필요
락토핏 맥스19 유산균 6통+60포,,,,,,,,,,,확인필요,N,,,2026-08-28 신규 자동등록 · 표준상품명 미확정 · 대시보드에서 기존상품 연결/신규확정/제외 필요
레몬버베나 다이어트&애사비 12박스,,,,,,,,,,,확인필요,N,,,2026-08-25 신규 자동등록 · 표준상품명 미확정 · 대시보드에서 기존상품 연결/신규확정/제외 필요
리셋 비움 양배추&스펠트 10박스+ 10포,,,,,,,,pending,,N,확인필요,N,,,2026-08-28 신규 자동등록 · 표준상품명 미확정 · 대시보드에서 기존상품 연결/신규확정/제외 필요
리얼테인 셀리뉴 퍼스트 에센스 180ml * 4통 + 셀리뉴 스프레이 30ml *2통 증정,,,,,,,,,,,확인필요,N,,,2026-08-28 신규 자동등록 · 표준상품명 미확정 · 대시보드에서 기존상품 연결/신규확정/제외 필요
리얼테인 셀리뉴 퍼스트 에센스 180ml * 4통 + 에센스 본품 1통 더! + 셀리뉴 스프레이 30ml 증정,,,,,,,,,,,확인필요,N,,,2026-08-28 신규 자동등록 · 표준상품명 미확정 · 대시보드에서 기존상품 연결/신규확정/제외 필요
리얼테인 셀리뉴 퍼스트 에센스 180ml * 8통 + 셀리뉴 스프레이 30ml *2통 증정,,,,,,,,,,,확인필요,N,,,2026-08-28 신규 자동등록 · 표준상품명 미확정 · 대시보드에서 기존상품 연결/신규확정/제외 필요
린찐 삼선 누룽지탕 8팩 + 강황누룽지 8팩,,,,,,,,,,,확인필요,N,,,2026-08-24 신규 자동등록 · 표준상품명 미확정 · 대시보드에서 기존상품 연결/신규확정/제외 필요
마음식당소갈비찜1,,,,,,,,,,,확인필요,N,,,2026-08-27 신규 자동등록 · 표준상품명 미확정 · 대시보드에서 기존상품 연결/신규확정/제외 필요
매헌 생 들기름 2병+ 고소한 들기름 1병,,,,,,,,,,,확인필요,N,,,2026-08-25 신규 자동등록 · 표준상품명 미확정 · 대시보드에서 기존상품 연결/신규확정/제외 필요
매헌상명창고 생들기름 2병 + 고소한 들기름 1병,,,,,,,,,,,확인필요,N,,,2026-08-25 신규 자동등록 · 표준상품명 미확정 · 대시보드에서 기존상품 연결/신규확정/제외 필요
○ 멀티비타민 올인원 우먼,,,,,,,,,,,확인필요,N,,,2026-08-27 신규 자동등록 · 표준상품명 미확정 · 대시보드에서 기존상품 연결/신규확정/제외 필요
메로구이 목살스테이크 120g x 8팩 + 메로구이 소스 1병,,,,,,,,,,,확인필요,N,,,2026-08-25 신규 자동등록 · 표준상품명 미확정 · 대시보드에서 기존상품 연결/신규확정/제외 필요
명가꽈배기2,,,,,,,,,,,확인필요,N,,,2026-08-22 신규 자동등록 · 표준상품명 미확정 · 대시보드에서 기존상품 연결/신규확정/제외 필요
명미당 인기떡 6종세트,,,,,,,,,,,확인필요,N,,,2026-08-25 신규 자동등록 · 표준상품명 미확정 · 대시보드에서 기존상품 연결/신규확정/제외 필요
모발콜라겐 3270 6박스+식물성 오메가3 미니 1박스,,,,,,,,,,,확인필요,N,,,2026-08-27 신규 자동등록 · 표준상품명 미확정 · 대시보드에서 기존상품 연결/신규확정/제외 필요
"모시로만 떡 4종, 총 12팩",,,,,,,,,,,확인필요,N,,,2026-08-25 신규 자동등록 · 표준상품명 미확정 · 대시보드에서 기존상품 연결/신규확정/제외 필요
모시로만_생송편,,,,,,,,,,,확인필요,N,,,2026-08-26 신규 자동등록 · 표준상품명 미확정 · 대시보드에서 기존상품 연결/신규확정/제외 필요
모시로만추석4종상품,,,,,,,,,,,확인필요,N,,,2026-08-25 신규 자동등록 · 표준상품명 미확정 · 대시보드에서 기존상품 연결/신규확정/제외 필요
목우촌 연잎숙성 훈제오리 150g x 13팩,,,,,,,,,,,확인필요,N,,,2026-08-26 신규 자동등록 · 표준상품명 미확정 · 대시보드에서 기존상품 연결/신규확정/제외 필요
목우촌훈제오리,,,,,,,,,,,확인필요,N,,,2026-08-27 신규 자동등록 · 표준상품명 미확정 · 대시보드에서 기존상품 연결/신규확정/제외 필요
문천식의 소곱창전골 700g*8팩 / 총5.6kg | 원산지 : 상품정보 참조,,,,,,,,,,,확인필요,N,,,2026-08-24 신규 자동등록 · 표준상품명 미확정 · 대시보드에서 기존상품 연결/신규확정/제외 필요
미녀의석류콜라겐 200포,,,,,,,,,,,확인필요,N,,,2026-08-25 신규 자동등록 · 표준상품명 미확정 · 대시보드에서 기존상품 연결/신규확정/제외 필요
바밤 실온보관 국산 단호박 건강죽 3종 혼합 130g 22팩,,,,,,,,,,,확인필요,N,,,2026-08-27 신규 자동등록 · 표준상품명 미확정 · 대시보드에서 기존상품 연결/신규확정/제외 필요
박미선 두번구운 곱창김 200매,,,,,,,,,,,확인필요,N,,,2026-08-27 신규 자동등록 · 표준상품명 미확정 · 대시보드에서 기존상품 연결/신규확정/제외 필요
박정수 자연산 순살 옥돔 총 30토막,,,,,,,,,,,확인필요,N,,,2026-08-26 신규 자동등록 · 표준상품명 미확정 · 대시보드에서 기존상품 연결/신규확정/제외 필요
★반값세일특별구성 닥터린 콘드로이친 1200 콘레이티+MBP+K2 12박스+닥터린 초임계 비타민K2 2박스,,,,,,,,,,,확인필요,N,,,2026-08-26 신규 자동등록 · 표준상품명 미확정 · 대시보드에서 기존상품 연결/신규확정/제외 필요
밤로쉐생율1,,,,,,,,,,,확인필요,N,,,2026-08-26 신규 자동등록 · 표준상품명 미확정 · 대시보드에서 기존상품 연결/신규확정/제외 필요
밥스누 파이토100 생식14포x9박스 + 전용쉐이커 2개,,,,,,,,,,,확인필요,N,,,2026-08-29 신규 자동등록 · 표준상품명 미확정 · 대시보드에서 기존상품 연결/신규확정/제외 필요
방배쭈꾸미볶음 500g 5팩,,,,,,,,,,,확인필요,N,,,2026-08-25 신규 자동등록 · 표준상품명 미확정 · 대시보드에서 기존상품 연결/신규확정/제외 필요
♡방송에서만 1박스 더!♡ 한미 완전두유 더진한 렌틸콩 무가당 5+1박스,,,,,,,,,,,확인필요,N,,,2026-08-27 신규 자동등록 · 표준상품명 미확정 · 대시보드에서 기존상품 연결/신규확정/제외 필요
♥방송에서만 70프로 파격세일♥ 순수100 유기농 레몬즙 20박스 + 유기농레자몽 10박스,,,,,,,,,,,확인필요,N,,,2026-08-30 신규 자동등록 · 표준상품명 미확정 · 대시보드에서 기존상품 연결/신규확정/제외 필요
♥방송에서만♥돌러 마차라떼 프로틴 180포 + 24포 + 보틀 1병,,,,,,,,,,,확인필요,N,,,2026-08-26 신규 자동등록 · 표준상품명 미확정 · 대시보드에서 기존상품 연결/신규확정/제외 필요
☆방송에서만 디스펜서+2병 더!☆카사베르디 유기농 레드와인 비니거 6병+2병+전용 용기,,,,,,,,,,,확인필요,N,,,2026-08-27 신규 자동등록 · 표준상품명 미확정 · 대시보드에서 기존상품 연결/신규확정/제외 필요
"★방송에서만★ 박준면의 김치이야기 포기김치 7kg, 총각김치 1kg",,,,,,,,,,,확인필요,N,,,2026-08-25 신규 자동등록 · 표준상품명 미확정 · 대시보드에서 기존상품 연결/신규확정/제외 필요
○방송에서만 반값세일 딱좋아 석류 콜라겐 스틱,,,,,,,,,,,확인필요,N,,,2026-08-27 신규 자동등록 · 표준상품명 미확정 · 대시보드에서 기존상품 연결/신규확정/제외 필요
♥방송에서만 체험분 3팩♥ 홍성호 울릉도 마가목 흑염소진액 프리미엄,,,,,,,,,,,확인필요,N,,,2026-08-28 신규 자동등록 · 표준상품명 미확정 · 대시보드에서 기존상품 연결/신규확정/제외 필요
백년농가 유기농 상황버섯 쌀 20봉,,,,,,,,,,,확인필요,N,,,2026-08-28 신규 자동등록 · 표준상품명 미확정 · 대시보드에서 기존상품 연결/신규확정/제외 필요
뱅어포1,,,,,,,,,,,확인필요,N,,,2026-08-27 신규 자동등록 · 표준상품명 미확정 · 대시보드에서 기존상품 연결/신규확정/제외 필요
베르도르팜 100% 유기농 하스카프베리 10팩,,,,,,,,,,,확인필요,N,,,2026-08-27 신규 자동등록 · 표준상품명 미확정 · 대시보드에서 기존상품 연결/신규확정/제외 필요
베리솔 더 콜라겐 구미 32팩,,,,,,,,,,,확인필요,N,,,2026-08-25 신규 자동등록 · 표준상품명 미확정 · 대시보드에서 기존상품 연결/신규확정/제외 필요
베리솔 더 콜라겐구미 클래식 16주,,,,,,,,,,,확인필요,N,,,2026-08-24 신규 자동등록 · 표준상품명 미확정 · 대시보드에서 기존상품 연결/신규확정/제외 필요
베키아에누보샌드위치 +치아바타8개/총20개,,,,,,,,,,,확인필요,N,,,2026-08-26 신규 자동등록 · 표준상품명 미확정 · 대시보드에서 기존상품 연결/신규확정/제외 필요
벨기에 유산균+다이어트 트리플러스 12박스,,,,,,,,,,,확인필요,N,,,2026-08-27 신규 자동등록 · 표준상품명 미확정 · 대시보드에서 기존상품 연결/신규확정/제외 필요
보리농부 저당 찰보리빵 28g*80개,,,,,,,,,,,확인필요,N,,,2026-08-28 신규 자동등록 · 표준상품명 미확정 · 대시보드에서 기존상품 연결/신규확정/제외 필요
★본품 2박스 더!★ 덴프스 트루바이타민 Choice UP 12박스+2박스,,,,,,,,,,,확인필요,N,,,2026-08-29 신규 자동등록 · 표준상품명 미확정 · 대시보드에서 기존상품 연결/신규확정/제외 필요
★본품 최다! 4박스 더★ 여에스더 리포좀 NMN 파이토에스 울트라 X 16개월분,,,,,,,,,,,확인필요,N,,,2026-08-29 신규 자동등록 · 표준상품명 미확정 · 대시보드에서 기존상품 연결/신규확정/제외 필요
북해도 단풍/눈꽃 하이라이트 4일,,,,,,,,,,,확인필요,N,,,2026-08-23 신규 자동등록 · 표준상품명 미확정 · 대시보드에서 기존상품 연결/신규확정/제외 필요
비비고 해남재 포기 배추김치 8kg + 비비고 총각김치 1.5kg,,,,,,,,,,,확인필요,N,,,2026-08-27 신규 자동등록 · 표준상품명 미확정 · 대시보드에서 기존상품 연결/신규확정/제외 필요
빅마마 이혜정의 꽉 채운 삼계탕 1.2kg x 8팩,,,,,,,,,,,확인필요,N,,,2026-08-26 신규 자동등록 · 표준상품명 미확정 · 대시보드에서 기존상품 연결/신규확정/제외 필요
빅마마 이혜정의 꽉찬 수제영양밥 18팩+전복바다영양밥 8팩,,,,,,,,,,,확인필요,N,,,2026-08-26 신규 자동등록 · 표준상품명 미확정 · 대시보드에서 기존상품 연결/신규확정/제외 필요
빅마마 이혜정의 아주 맛있는 순살갈비탕 8팩,,,,,,,,pending,,N,확인필요,N,,,2026-08-27 신규 자동등록 · 표준상품명 미확정 · 대시보드에서 기존상품 연결/신규확정/제외 필요
"빅마마 이혜정의 아주 맛있는 진 우삼겹 150g*13팩, 총 1.95kg",,,,,,,,,,,확인필요,N,,,2026-08-27 신규 자동등록 · 표준상품명 미확정 · 대시보드에서 기존상품 연결/신규확정/제외 필요
빅마마_시크릿코인,,,,,,,,,,,확인필요,N,,,2026-08-21 신규 자동등록 · 표준상품명 미확정 · 대시보드에서 기존상품 연결/신규확정/제외 필요
빅마마참굴비,,,,,,,,,,,확인필요,N,,,2026-08-30 신규 자동등록 · 표준상품명 미확정 · 대시보드에서 기존상품 연결/신규확정/제외 필요
뼈엔 엠비피 MBP 6개월분,,,,,,,,,,,확인필요,N,,,2026-08-27 신규 자동등록 · 표준상품명 미확정 · 대시보드에서 기존상품 연결/신규확정/제외 필요
산들바람 진도 찰흑미 800gx6봉,,,,,,,,,,,확인필요,N,,,2026-08-25 신규 자동등록 · 표준상품명 미확정 · 대시보드에서 기존상품 연결/신규확정/제외 필요
"산들앤 달코미 세척 햇사과 2 box, 총 6kg",,,,,,,,,,,확인필요,N,,,2026-08-26 신규 자동등록 · 표준상품명 미확정 · 대시보드에서 기존상품 연결/신규확정/제외 필요
삼육두유 더블랙 60팩,,,,,,,,,,,확인필요,N,,,2026-08-27 신규 자동등록 · 표준상품명 미확정 · 대시보드에서 기존상품 연결/신규확정/제외 필요
삼육두유세트 1,,,,,,,,,,,확인필요,N,,,2026-08-22 신규 자동등록 · 표준상품명 미확정 · 대시보드에서 기존상품 연결/신규확정/제외 필요
새우표 완도파래김 조미김 15봉+ 무조미김 15봉,,,,,,,,,,,확인필요,N,,,2026-08-27 신규 자동등록 · 표준상품명 미확정 · 대시보드에서 기존상품 연결/신규확정/제외 필요
샐러디 고단백 저당 두부 부리또 12봉+4봉,,,,,,,,,,,확인필요,N,,,2026-08-28 신규 자동등록 · 표준상품명 미확정 · 대시보드에서 기존상품 연결/신규확정/제외 필요
샘트리 촉촉한 맛병아리콩 100봉,,,,,,,,,,,확인필요,N,,,2026-08-24 신규 자동등록 · 표준상품명 미확정 · 대시보드에서 기존상품 연결/신규확정/제외 필요
서리태 또콩 생청국장알 60봉,,,,,,,,,,,확인필요,N,,,2026-08-25 신규 자동등록 · 표준상품명 미확정 · 대시보드에서 기존상품 연결/신규확정/제외 필요
서산 이창희 생강청,,,,,,,,,,,확인필요,N,,,2026-08-29 신규 자동등록 · 표준상품명 미확정 · 대시보드에서 기존상품 연결/신규확정/제외 필요
손질갑오징어1,,,,,,,,,,,확인필요,N,,,2026-08-24 신규 자동등록 · 표준상품명 미확정 · 대시보드에서 기존상품 연결/신규확정/제외 필요
손질전복2,,,,,,,,,,,확인필요,N,,,2026-08-23 신규 자동등록 · 표준상품명 미확정 · 대시보드에서 기존상품 연결/신규확정/제외 필요
송영옥 전통장 연구가의 소고기 고추장 세트,,,,,,,,,,,확인필요,N,,,2026-08-26 신규 자동등록 · 표준상품명 미확정 · 대시보드에서 기존상품 연결/신규확정/제외 필요
송완숙 갓김치 총 4kg,,,,,,,,,,,확인필요,N,,,2026-08-25 신규 자동등록 · 표준상품명 미확정 · 대시보드에서 기존상품 연결/신규확정/제외 필요
송완숙 장인의 여수 갓김치 2kg+2kg+2kg + 총각김치 1.5kg / 총 7.5kg,,,,,,,,,,,확인필요,N,,,2026-08-24 신규 자동등록 · 표준상품명 미확정 · 대시보드에서 기존상품 연결/신규확정/제외 필요
슈퍼그린 5박스 + 슈퍼레드 5박스,,,,,,,,,,,확인필요,N,,,2026-08-25 신규 자동등록 · 표준상품명 미확정 · 대시보드에서 기존상품 연결/신규확정/제외 필요
스페셜 견과 루비에디션 4+2박스,,,,,,,,,,,확인필요,N,,,2026-08-27 신규 자동등록 · 표준상품명 미확정 · 대시보드에서 기존상품 연결/신규확정/제외 필요
스페인 완제품 직수입 올리브오일 1L 1병,,,,,,,,,,,확인필요,N,,,2026-08-24 신규 자동등록 · 표준상품명 미확정 · 대시보드에서 기존상품 연결/신규확정/제외 필요
"시그니처 갈비만두 4봉+왕교자 4봉+진한 김치만두 4봉+청양고기만두 2봉+샤오롱바오 2봉, 총16봉",,,,,,,,,,,확인필요,N,,,2026-08-26 신규 자동등록 · 표준상품명 미확정 · 대시보드에서 기존상품 연결/신규확정/제외 필요
신규중소기업특화프로그램1,,,,,,,,,,,확인필요,N,,,2026-08-25 신규 자동등록 · 표준상품명 미확정 · 대시보드에서 기존상품 연결/신규확정/제외 필요
신세계 베키아에누보 치아바타 총24개,,,,,,,,,,,확인필요,N,,,2026-08-28 신규 자동등록 · 표준상품명 미확정 · 대시보드에서 기존상품 연결/신규확정/제외 필요
신토불이 국내산 자연산 손질 문어 130gx9팩,,,,,,,,,,,확인필요,N,,,2026-08-25 신규 자동등록 · 표준상품명 미확정 · 대시보드에서 기존상품 연결/신규확정/제외 필요
심플바이오 루테인지아잔틴아스타잔틴 6+3박스,,,,,,,,,,,확인필요,N,,,2026-08-27 신규 자동등록 · 표준상품명 미확정 · 대시보드에서 기존상품 연결/신규확정/제외 필요
심플바이오 마그네슘 60정x6병,,,,,,,,,,,확인필요,N,,,2026-08-23 신규 자동등록 · 표준상품명 미확정 · 대시보드에서 기존상품 연결/신규확정/제외 필요
심플바이오 비타민D 2000IU 3개월분x4병,,,,,,,,,,,확인필요,N,,,2026-08-23 신규 자동등록 · 표준상품명 미확정 · 대시보드에서 기존상품 연결/신규확정/제외 필요
아워홈 온더고 미식가패키지 6종x2팩 +온더고 1팩,,,,,,,,,,,확인필요,N,,,2026-08-23 신규 자동등록 · 표준상품명 미확정 · 대시보드에서 기존상품 연결/신규확정/제외 필요
아임피쉬 가시바른 국내산 순살 고등어 15팩,,,,,,,,,,,확인필요,N,,,2026-08-24 신규 자동등록 · 표준상품명 미확정 · 대시보드에서 기존상품 연결/신규확정/제외 필요
"아임피쉬 가시바른 순살 볼락 5팩 X 6세트 , 총 3kg",,,,,,,,,,,확인필요,N,,,2026-08-26 신규 자동등록 · 표준상품명 미확정 · 대시보드에서 기존상품 연결/신규확정/제외 필요
안동간고등어 특대 140g * 18팩,,,,,,,,,,,확인필요,N,,,2026-08-27 신규 자동등록 · 표준상품명 미확정 · 대시보드에서 기존상품 연결/신규확정/제외 필요
안동명가 포기김치8k+총각김치2k+열무얼갈이김치1k,,,,,,,,,,,확인필요,N,,,2026-08-26 신규 자동등록 · 표준상품명 미확정 · 대시보드에서 기존상품 연결/신규확정/제외 필요
안문숙 포기김치 10kg+석박지 1kg 추가,,,,,,,,,,,확인필요,N,,,2026-08-24 신규 자동등록 · 표준상품명 미확정 · 대시보드에서 기존상품 연결/신규확정/제외 필요
안유성 명장의 가매 일품 양념장어구이 세트,,,,,,,,,,,확인필요,N,,,2026-08-26 신규 자동등록 · 표준상품명 미확정 · 대시보드에서 기존상품 연결/신규확정/제외 필요
알티지오메가3 비타민D 12박스에 4박스 더 | 원산지 : 상품정보 참조,,,,,,,,,,,확인필요,N,,,2026-08-25 신규 자동등록 · 표준상품명 미확정 · 대시보드에서 기존상품 연결/신규확정/제외 필요
액티브 프로 10박스 +보틀2개,,,,,,,,,,,확인필요,N,,,2026-08-27 신규 자동등록 · 표준상품명 미확정 · 대시보드에서 기존상품 연결/신규확정/제외 필요
양평서울 한우해장국 700g x 10팩,,,,,,,,,,,확인필요,N,,,2026-08-24 신규 자동등록 · 표준상품명 미확정 · 대시보드에서 기존상품 연결/신규확정/제외 필요
여에스더 다이어트 유산균 6박스 + 카무트효소1박스,,,,,,,,,,,확인필요,N,,,2026-08-27 신규 자동등록 · 표준상품명 미확정 · 대시보드에서 기존상품 연결/신규확정/제외 필요
여에스더 리포좀 NMN 파이토에스 울트라X 1박스,,,,,,,,,,,확인필요,N,,,2026-08-25 신규 자동등록 · 표준상품명 미확정 · 대시보드에서 기존상품 연결/신규확정/제외 필요
여에스더 리포좀 NMN 파이토에스 울트라X 6박스,,,,,,,,,,,확인필요,N,,,2026-08-25 신규 자동등록 · 표준상품명 미확정 · 대시보드에서 기존상품 연결/신규확정/제외 필요
여에스더 포스파티딜세린 5개월분+유기농 엑스트라버진 올리브유 1박스,,,,,,,,,,,확인필요,N,,,2026-08-24 신규 자동등록 · 표준상품명 미확정 · 대시보드에서 기존상품 연결/신규확정/제외 필요
영광 백조기 보리굴비 1.4kg내외 10미,,,,,,,,,,,확인필요,N,,,2026-08-25 신규 자동등록 · 표준상품명 미확정 · 대시보드에서 기존상품 연결/신규확정/제외 필요
영광농협 고춧가루 3kg,,,,,,,,,,,확인필요,N,,,2026-08-28 신규 자동등록 · 표준상품명 미확정 · 대시보드에서 기존상품 연결/신규확정/제외 필요
영월고춧가루,,,,,,,,,,,확인필요,N,,,2026-08-26 신규 자동등록 · 표준상품명 미확정 · 대시보드에서 기존상품 연결/신규확정/제외 필요
영월농협 동강마루 청결 고춧가루 500g*8봉,,,,,,,,,,,확인필요,N,,,2026-08-25 신규 자동등록 · 표준상품명 미확정 · 대시보드에서 기존상품 연결/신규확정/제외 필요
오늘제주_은갈치,,,,,,,,,,,확인필요,N,,,2026-08-24 신규 자동등록 · 표준상품명 미확정 · 대시보드에서 기존상품 연결/신규확정/제외 필요
오뗄 규그릴 직화 닭다리살 스테이크 200g x 11팩,,,,,,,,,,,확인필요,N,,,2026-08-26 신규 자동등록 · 표준상품명 미확정 · 대시보드에서 기존상품 연결/신규확정/제외 필요
오라틱스잇몸유산균,,,,,,,,,,,확인필요,N,,,2026-08-26 신규 자동등록 · 표준상품명 미확정 · 대시보드에서 기존상품 연결/신규확정/제외 필요
오리진 캐나다 야생 블루베리 100% 10박스+2박스,,,,,,,,,,,확인필요,N,,,2026-08-27 신규 자동등록 · 표준상품명 미확정 · 대시보드에서 기존상품 연결/신규확정/제외 필요
오월식당 부세보리굴비 120g x 8팩,,,,,,,,,,,확인필요,N,,,2026-08-27 신규 자동등록 · 표준상품명 미확정 · 대시보드에서 기존상품 연결/신규확정/제외 필요
온미랑 반건조 피데기 오징어 20마리,,,,,,,,,,,확인필요,N,,,2026-08-25 신규 자동등록 · 표준상품명 미확정 · 대시보드에서 기존상품 연결/신규확정/제외 필요
온작 이영자의 소곱창전골 800g 8팩,,,,,,,,,,,확인필요,N,,,2026-08-24 신규 자동등록 · 표준상품명 미확정 · 대시보드에서 기존상품 연결/신규확정/제외 필요
온작이영자의 뼈 없는 감자탕 400g x 13팩,,,,,,,,,,,확인필요,N,,,2026-08-24 신규 자동등록 · 표준상품명 미확정 · 대시보드에서 기존상품 연결/신규확정/제외 필요
옹고집 호박보리 전통맛된장 430g 5통,,,,,,,,,,,확인필요,N,,,2026-08-28 신규 자동등록 · 표준상품명 미확정 · 대시보드에서 기존상품 연결/신규확정/제외 필요
완도 대왕특대 참전복 14미+1미 더,,,,,,,,,,,확인필요,N,,,2026-08-28 신규 자동등록 · 표준상품명 미확정 · 대시보드에서 기존상품 연결/신규확정/제외 필요
완도 손질 전복 20 미.,,,,,,,,,,,확인필요,N,,,2026-08-23 신규 자동등록 · 표준상품명 미확정 · 대시보드에서 기존상품 연결/신규확정/제외 필요
왕의맥문동진액,,,,,,,,,,,확인필요,N,,,2026-08-27 신규 자동등록 · 표준상품명 미확정 · 대시보드에서 기존상품 연결/신규확정/제외 필요
우리콩두부면180g 총25봉+비빔소스60g15개+메밀소스35g10개,,,,,,,,,,,확인필요,N,,,2026-08-25 신규 자동등록 · 표준상품명 미확정 · 대시보드에서 기존상품 연결/신규확정/제외 필요
워커힐 고메 아이스크림 4종 총 16개,,,,,,,,,,,확인필요,N,,,2026-08-25 신규 자동등록 · 표준상품명 미확정 · 대시보드에서 기존상품 연결/신규확정/제외 필요
위매스틱케어,,,,,,,,,,,확인필요,N,,,2026-08-28 신규 자동등록 · 표준상품명 미확정 · 대시보드에서 기존상품 연결/신규확정/제외 필요
위바이옴에스클래스,,,,,,,,,,,확인필요,N,,,2026-08-25 신규 자동등록 · 표준상품명 미확정 · 대시보드에서 기존상품 연결/신규확정/제외 필요
"★유기농 100%★ 동결건조 만능 야채톡 ×10박스+1박스, 총 110포",,,,,,,,,,,확인필요,N,,,2026-08-24 신규 자동등록 · 표준상품명 미확정 · 대시보드에서 기존상품 연결/신규확정/제외 필요
유기농 레몬 자몽즙 10+10박스 | 원산지 : 상품정보 참조,,,,,,,,pending,,N,확인필요,N,,,2026-08-28 신규 자동등록 · 표준상품명 미확정 · 대시보드에서 기존상품 연결/신규확정/제외 필요
유기농 무안 밤고구마 3kg+3kg,,,,,,,,,,,확인필요,N,,,2026-08-25 신규 자동등록 · 표준상품명 미확정 · 대시보드에서 기존상품 연결/신규확정/제외 필요
유기농 양배추 케일즙 3+3박스,,,,,,,,,,,확인필요,N,,,2026-08-25 신규 자동등록 · 표준상품명 미확정 · 대시보드에서 기존상품 연결/신규확정/제외 필요
유기농 엑스트라버진 올리브오일 피쿠알100% 14박스,,,,,,,,,,,확인필요,N,,,2026-08-28 신규 자동등록 · 표준상품명 미확정 · 대시보드에서 기존상품 연결/신규확정/제외 필요
유기농 토마토 스틱 8박스,,,,,,,,,,,확인필요,N,,,2026-08-25 신규 자동등록 · 표준상품명 미확정 · 대시보드에서 기존상품 연결/신규확정/제외 필요
유기농지리산상황버섯진액,,,,,,,,,,,확인필요,N,,,2026-08-28 신규 자동등록 · 표준상품명 미확정 · 대시보드에서 기존상품 연결/신규확정/제외 필요
유한양행 당큐락 HAC01 혈당 유산균 9개월분,,,,,,,,,,,확인필요,N,,,2026-08-27 신규 자동등록 · 표준상품명 미확정 · 대시보드에서 기존상품 연결/신규확정/제외 필요
윤형빈의 바로끼니 저당주먹밥 2종 22팩,,,,,,,,,,,확인필요,N,,,2026-08-25 신규 자동등록 · 표준상품명 미확정 · 대시보드에서 기존상품 연결/신규확정/제외 필요
이경제 흑염소진액 진 4박스 120포,,,,,,,,,,,확인필요,N,,,2026-08-25 신규 자동등록 · 표준상품명 미확정 · 대시보드에서 기존상품 연결/신규확정/제외 필요
이경제 흑염소진액 진 8박스 240포 + 방송에서만 30포 더,,,,,,,,,,,확인필요,N,,,2026-08-25 신규 자동등록 · 표준상품명 미확정 · 대시보드에서 기존상품 연결/신규확정/제외 필요
이동삼 안동 간고등어 대 100g x 28팩,,,,,,,,,,,확인필요,N,,,2026-08-29 신규 자동등록 · 표준상품명 미확정 · 대시보드에서 기존상품 연결/신규확정/제외 필요
이연복 북경오리 5세트 ),,,,,,,,,,,확인필요,N,,,2026-08-25 신규 자동등록 · 표준상품명 미확정 · 대시보드에서 기존상품 연결/신규확정/제외 필요
이종임 비법 도가니탕 10팩,,,,,,,,,,,확인필요,N,,,2026-08-28 신규 자동등록 · 표준상품명 미확정 · 대시보드에서 기존상품 연결/신규확정/제외 필요
인기떡 5종 총100개,,,,,,,,,,,확인필요,N,,,2026-08-26 신규 자동등록 · 표준상품명 미확정 · 대시보드에서 기존상품 연결/신규확정/제외 필요
인산가 X 광천김 죽염담은 곱창 캔김 30g * 32캔 더블구성,,,,,,,,,,,확인필요,N,,,2026-08-23 신규 자동등록 · 표준상품명 미확정 · 대시보드에서 기존상품 연결/신규확정/제외 필요
일품 왕 갈비탕 1kg x 8팩,,,,,,,,,,,확인필요,N,,,2026-08-28 신규 자동등록 · 표준상품명 미확정 · 대시보드에서 기존상품 연결/신규확정/제외 필요
임성근도가니탕1,,,,,,,,,,,확인필요,N,,,2026-08-25 신규 자동등록 · 표준상품명 미확정 · 대시보드에서 기존상품 연결/신규확정/제외 필요
임성근의 국내산 특 키로갈비탕 1kg x 12팩,,,,,,,,,,,확인필요,N,,,2026-08-22 신규 자동등록 · 표준상품명 미확정 · 대시보드에서 기존상품 연결/신규확정/제외 필요
임성근의 한끗다른 뼈없는 갈비찜 500g x 10팩,,,,,,,,,,,확인필요,N,,,2026-08-27 신규 자동등록 · 표준상품명 미확정 · 대시보드에서 기존상품 연결/신규확정/제외 필요
잇몸유산균CMU 12개월분,,,,,,,,,,,확인필요,N,,,2026-08-24 신규 자동등록 · 표준상품명 미확정 · 대시보드에서 기존상품 연결/신규확정/제외 필요
전통 부세 보리굴비 120g x 8팩,,,,,,,,,,,확인필요,N,,,2026-08-25 신규 자동등록 · 표준상품명 미확정 · 대시보드에서 기존상품 연결/신규확정/제외 필요
정관장 홍삼진고 데일리스틱 2박스,,,,,,,,,,,확인필요,N,,,2026-08-21 신규 자동등록 · 표준상품명 미확정 · 대시보드에서 기존상품 연결/신규확정/제외 필요
정관장 홍삼진고 데일리스틱 6+4박스,,,,,,,,,,,확인필요,N,,,2026-08-21 신규 자동등록 · 표준상품명 미확정 · 대시보드에서 기존상품 연결/신규확정/제외 필요
정관장 홍삼진고데일리스틱 1박스,,,,,,,,,,,확인필요,N,,,2026-08-21 신규 자동등록 · 표준상품명 미확정 · 대시보드에서 기존상품 연결/신규확정/제외 필요
정관장홍삼진고데일리스틱1,,,,,,,,,,,확인필요,N,,,2026-08-29 신규 자동등록 · 표준상품명 미확정 · 대시보드에서 기존상품 연결/신규확정/제외 필요
정성곳간 뼈없는 한우 갈비탕 10팩,,,,,,,,,,,확인필요,N,,,2026-08-25 신규 자동등록 · 표준상품명 미확정 · 대시보드에서 기존상품 연결/신규확정/제외 필요
정성곳간 양념LA갈비 400g x 10팩,,,,,,,,,,,확인필요,N,,,2026-08-30 신규 자동등록 · 표준상품명 미확정 · 대시보드에서 기존상품 연결/신규확정/제외 필요
"정성곳간 특 양념LA갈비 400gx8팩, 총3.2kg",,,,,,,,,,,확인필요,N,,,2026-08-25 신규 자동등록 · 표준상품명 미확정 · 대시보드에서 기존상품 연결/신규확정/제외 필요
정성곳간_김치,,,,,,,,,,,확인필요,N,,,2026-08-24 신규 자동등록 · 표준상품명 미확정 · 대시보드에서 기존상품 연결/신규확정/제외 필요
정품 카무트 300g X 10팩 + 저당밥솥 1개 + 전자레인지용 용기 4개,,,,,,,,,,,확인필요,N,,,2026-08-26 신규 자동등록 · 표준상품명 미확정 · 대시보드에서 기존상품 연결/신규확정/제외 필요
정호영낙지,,,,,,,,,,,확인필요,N,,,2026-08-27 신규 자동등록 · 표준상품명 미확정 · 대시보드에서 기존상품 연결/신규확정/제외 필요
정호영낙지1,,,,,,,,,,,확인필요,N,,,2026-08-23 신규 자동등록 · 표준상품명 미확정 · 대시보드에서 기존상품 연결/신규확정/제외 필요
제주 보우짱 미니 밤호박 9kg,,,,,,,,,,,확인필요,N,,,2026-08-22 신규 자동등록 · 표준상품명 미확정 · 대시보드에서 기존상품 연결/신규확정/제외 필요
"제주가마당 제주 특대 은갈치 300g x 20토막+4토막, 총 24토막",,,,,,,,,,,확인필요,N,,,2026-08-25 신규 자동등록 · 표준상품명 미확정 · 대시보드에서 기존상품 연결/신규확정/제외 필요
조리기능장 임성근 LA갈비 400g x 10팩,,,,,,,,,,,확인필요,N,,,2026-08-26 신규 자동등록 · 표준상품명 미확정 · 대시보드에서 기존상품 연결/신규확정/제외 필요
조선호텔 닭갈비 300g X 7팩,,,,,,,,,,,확인필요,N,,,2026-08-24 신규 자동등록 · 표준상품명 미확정 · 대시보드에서 기존상품 연결/신규확정/제외 필요
조선호텔 소갈비찜 700g x 4팩,,,,,,,,,,,확인필요,N,,,2026-08-25 신규 자동등록 · 표준상품명 미확정 · 대시보드에서 기존상품 연결/신규확정/제외 필요
조선호텔 열무얼갈이김치 2kg,,,,,,,,,,,확인필요,N,,,2026-08-22 신규 자동등록 · 표준상품명 미확정 · 대시보드에서 기존상품 연결/신규확정/제외 필요
"종가 아삭한포기김치 4.4kg*2, 총 8.8kg",,,,,,,,,,,확인필요,N,,,2026-08-29 신규 자동등록 · 표준상품명 미확정 · 대시보드에서 기존상품 연결/신규확정/제외 필요
종가 전라도식 포기김치 10.4kg,,,,,,,,,,,확인필요,N,,,2026-08-25 신규 자동등록 · 표준상품명 미확정 · 대시보드에서 기존상품 연결/신규확정/제외 필요
종가 중부식 포기김치5.2kg+전라도식 포기김치5.2kg+파김치300g,,,,,,,,,,,확인필요,N,,,2026-08-22 신규 자동등록 · 표준상품명 미확정 · 대시보드에서 기존상품 연결/신규확정/제외 필요
종근당건강 관절연골엔 NEM 12개월+ 스텝퍼,,,,,,,,,,,확인필요,N,,,2026-08-28 신규 자동등록 · 표준상품명 미확정 · 대시보드에서 기존상품 연결/신규확정/제외 필요
종근당건강 락토핏 PS인지력케어 4통+핸디청소기,,,,,,,,,,,확인필요,N,,,2026-08-23 신규 자동등록 · 표준상품명 미확정 · 대시보드에서 기존상품 연결/신규확정/제외 필요
○ 종근당건강 락토핏 맥스19 12개월+4개월,,,,,,,,,,,확인필요,N,,,2026-08-26 신규 자동등록 · 표준상품명 미확정 · 대시보드에서 기존상품 연결/신규확정/제외 필요
종근당건강_알티지오메가3,,,,,,,,,,,확인필요,N,,,2026-08-23 신규 자동등록 · 표준상품명 미확정 · 대시보드에서 기존상품 연결/신규확정/제외 필요
주영엔에스 모발콜라겐 3270 4주분,,,,,,,,,,,확인필요,N,,,2026-08-25 신규 자동등록 · 표준상품명 미확정 · 대시보드에서 기존상품 연결/신규확정/제외 필요
중국 청도_260830,,,,,,,,pending,,N,확인필요,N,,,2026-08-30 신규 자동등록 · 표준상품명 미확정 · 대시보드에서 기존상품 연결/신규확정/제외 필요
진미채1,,,,,,,,,,,확인필요,N,,,2026-08-26 신규 자동등록 · 표준상품명 미확정 · 대시보드에서 기존상품 연결/신규확정/제외 필요
찜한 전복 슬라이스 100g*8팩,,,,,,,,,,,확인필요,N,,,2026-08-25 신규 자동등록 · 표준상품명 미확정 · 대시보드에서 기존상품 연결/신규확정/제외 필요
"참만능참치액골드 1,040g x 3병 + 참만능대게액 1,050g x 2병",,,,,,,,,,,확인필요,N,,,2026-08-25 신규 자동등록 · 표준상품명 미확정 · 대시보드에서 기존상품 연결/신규확정/제외 필요
참이맛 뼈다귀 감자탕 블랙 1.2kg 5팩,,,,,,,,,,,확인필요,N,,,2026-08-26 신규 자동등록 · 표준상품명 미확정 · 대시보드에서 기존상품 연결/신규확정/제외 필요
참좋은여행 나트랑/달랏 5일 패키지_노옵션,,,,,,,,,,,확인필요,N,,,2026-08-22 신규 자동등록 · 표준상품명 미확정 · 대시보드에서 기존상품 연결/신규확정/제외 필요
"참좋은여행 푸꾸옥VS다낭,호이안 5일 패키지",,,,,,,,,,,확인필요,N,,,2026-08-28 신규 자동등록 · 표준상품명 미확정 · 대시보드에서 기존상품 연결/신규확정/제외 필요
청양고춧가루 매운맛 500g*6팩,,,,,,,,,,,확인필요,N,,,2026-08-25 신규 자동등록 · 표준상품명 미확정 · 대시보드에서 기존상품 연결/신규확정/제외 필요
"청오대 양념 안창살 4팩 토시살 6팩, 총 300gx10팩",,,,,,,,,,,확인필요,N,,,2026-08-27 신규 자동등록 · 표준상품명 미확정 · 대시보드에서 기존상품 연결/신규확정/제외 필요
최다구성 비피도핏 다이어트 10박스,,,,,,,,,,,확인필요,N,,,2026-08-26 신규 자동등록 · 표준상품명 미확정 · 대시보드에서 기존상품 연결/신규확정/제외 필요
카무트_견과바,,,,,,,,,,,확인필요,N,,,2026-08-25 신규 자동등록 · 표준상품명 미확정 · 대시보드에서 기존상품 연결/신규확정/제외 필요
카사리날디 DOP 12년산 모데나 발사믹 100ml x2병+화이트 와인 비니거 250ml,,,,,,,,,,,확인필요,N,,,2026-08-25 신규 자동등록 · 표준상품명 미확정 · 대시보드에서 기존상품 연결/신규확정/제외 필요
카사베르디 와인비니거8+디스펜서1+텀블러블렌더,,,,,,,,,,,확인필요,N,,,2026-08-27 신규 자동등록 · 표준상품명 미확정 · 대시보드에서 기존상품 연결/신규확정/제외 필요
카사베르디 유기농 와인비니거 레드6+2병+디스펜서,,,,,,,,,,,확인필요,N,,,2026-08-24 신규 자동등록 · 표준상품명 미확정 · 대시보드에서 기존상품 연결/신규확정/제외 필요
카사베르디 유기농 와인비니거 레드6+2병+디스펜서+텀블러믹서기,,,,,,,,,,,확인필요,N,,,2026-08-27 신규 자동등록 · 표준상품명 미확정 · 대시보드에서 기존상품 연결/신규확정/제외 필요
카츠2종 10팩,,,,,,,,,,,확인필요,N,,,2026-08-28 신규 자동등록 · 표준상품명 미확정 · 대시보드에서 기존상품 연결/신규확정/제외 필요
코큐텐 하이퍼셀 코엔자임Q10 맥스 18개월분,,,,,,,,,,,확인필요,N,,,2026-08-30 신규 자동등록 · 표준상품명 미확정 · 대시보드에서 기존상품 연결/신규확정/제외 필요
● 콘드로이친 1200 콘레이티+MBP+K2 12박스 + 초임계 비타민K2 2박스 | 원산지 : 상품정보 참조,,,,,,,,,,,확인필요,N,,,2026-08-25 신규 자동등록 · 표준상품명 미확정 · 대시보드에서 기존상품 연결/신규확정/제외 필요
콘드로이친+MPB+난각막 20개월분,,,,,,,,,,,확인필요,N,,,2026-08-23 신규 자동등록 · 표준상품명 미확정 · 대시보드에서 기존상품 연결/신규확정/제외 필요
콩국이 기가막혀 90g x 16봉 | 원산지 : 상품정보 참조,,,,,,,,,,,확인필요,N,,,2026-08-24 신규 자동등록 · 표준상품명 미확정 · 대시보드에서 기존상품 연결/신규확정/제외 필요
토니오LA갈비원육,,,,,,,,,,,확인필요,N,,,2026-08-28 신규 자동등록 · 표준상품명 미확정 · 대시보드에서 기존상품 연결/신규확정/제외 필요
트루바이타민 올인원 10박스,,,,,,,,,,,확인필요,N,,,2026-08-26 신규 자동등록 · 표준상품명 미확정 · 대시보드에서 기존상품 연결/신규확정/제외 필요
파라다이스그레인버닝 3박스,,,,,,,,,,,확인필요,N,,,2026-08-30 신규 자동등록 · 표준상품명 미확정 · 대시보드에서 기존상품 연결/신규확정/제외 필요
파이토블락 코엔 삼백초 삼백초추출물 패밀리구성,,,,,,,,,,,확인필요,N,,,2026-08-24 신규 자동등록 · 표준상품명 미확정 · 대시보드에서 기존상품 연결/신규확정/제외 필요
파이토블락 코엔삼백초 12개월분,,,,,,,,,,,확인필요,N,,,2026-08-28 신규 자동등록 · 표준상품명 미확정 · 대시보드에서 기존상품 연결/신규확정/제외 필요
팔도강산 흑염소탕,,,,,,,,,,,확인필요,N,,,2026-08-28 신규 자동등록 · 표준상품명 미확정 · 대시보드에서 기존상품 연결/신규확정/제외 필요
팔레오_알티지오메가,,,,,,,,,,,확인필요,N,,,2026-08-23 신규 자동등록 · 표준상품명 미확정 · 대시보드에서 기존상품 연결/신규확정/제외 필요
팔레오_콘드로이친,,,,,,,,,,,확인필요,N,,,2026-08-22 신규 자동등록 · 표준상품명 미확정 · 대시보드에서 기존상품 연결/신규확정/제외 필요
포기김치6.5kg+총각김치2kg+열무김치2kg+깻잎김치500g,,,,,,,,,,,확인필요,N,,,2026-08-26 신규 자동등록 · 표준상품명 미확정 · 대시보드에서 기존상품 연결/신규확정/제외 필요
푸응 파비플로라,,,,,,,,,,,확인필요,N,,,2026-08-30 신규 자동등록 · 표준상품명 미확정 · 대시보드에서 기존상품 연결/신규확정/제외 필요
프로 다이어트 유산균 10개월분+프로틴14포,,,,,,,,,,,확인필요,N,,,2026-08-25 신규 자동등록 · 표준상품명 미확정 · 대시보드에서 기존상품 연결/신규확정/제외 필요
프로메가 식물성 알티지 오메가3 12박스 +아보카도오일 2병,,,,,,,,,,,확인필요,N,,,2026-08-26 신규 자동등록 · 표준상품명 미확정 · 대시보드에서 기존상품 연결/신규확정/제외 필요
프로틴 밸런스 알파 6캔,,,,,,,,,,,확인필요,N,,,2026-08-26 신규 자동등록 · 표준상품명 미확정 · 대시보드에서 기존상품 연결/신규확정/제외 필요
프로틴밸런스 알파 12통+스위스에너지멀티빗1박스,,,,,,,,,,,확인필요,N,,,2026-08-28 신규 자동등록 · 표준상품명 미확정 · 대시보드에서 기존상품 연결/신규확정/제외 필요
프리미엄 메이플 견과 4박스+정과 1세트 더,,,,,,,,,,,확인필요,N,,,2026-08-22 신규 자동등록 · 표준상품명 미확정 · 대시보드에서 기존상품 연결/신규확정/제외 필요
프리미엄 명절 모둠전 세트 12종12팩 / 3.18kg,,,,,,,,,,,확인필요,N,,,2026-08-27 신규 자동등록 · 표준상품명 미확정 · 대시보드에서 기존상품 연결/신규확정/제외 필요
프리미엄 북해도 4일,,,,,,,,,,,확인필요,N,,,2026-08-22 신규 자동등록 · 표준상품명 미확정 · 대시보드에서 기존상품 연결/신규확정/제외 필요
프리미엄 오한진의 백세알부민 4박스 +백세알부민 활력 365 8박스 | 원산지 : 상품정보 참조,,,,,,,,,,,확인필요,N,,,2026-08-22 신규 자동등록 · 표준상품명 미확정 · 대시보드에서 기존상품 연결/신규확정/제외 필요
하루틴 리포좀 멀티비타민 미네랄 6개월 병 패키지,,,,,,,,,,,확인필요,N,,,2026-08-22 신규 자동등록 · 표준상품명 미확정 · 대시보드에서 기존상품 연결/신규확정/제외 필요
하루틴 리포좀 비타민C 프로 12+ 3개월분 + 리포좀 비타민c 스틱 10포 3박스,,,,,,,,,,,확인필요,N,,,2026-08-27 신규 자동등록 · 표준상품명 미확정 · 대시보드에서 기존상품 연결/신규확정/제외 필요
하루틴 손흥민 패키지 리포좀 미네랄&멀티 비타민 13개월 + 3개월 더 + 리포좀 글루타치온 3박스,,,,,,,,,,,확인필요,N,,,2026-08-22 신규 자동등록 · 표준상품명 미확정 · 대시보드에서 기존상품 연결/신규확정/제외 필요
하림리얼마늘훈제치킨,,,,,,,,,,,확인필요,N,,,2026-08-24 신규 자동등록 · 표준상품명 미확정 · 대시보드에서 기존상품 연결/신규확정/제외 필요
하이랜드 프레쉬 100% 블루베리 착즙 주스 48팩 120mL,,,,,,,,,,,확인필요,N,,,2026-08-25 신규 자동등록 · 표준상품명 미확정 · 대시보드에서 기존상품 연결/신규확정/제외 필요
하이뮨 프로틴밸런스 알파 6캔,,,,,,,,,,,확인필요,N,,,2026-08-24 신규 자동등록 · 표준상품명 미확정 · 대시보드에서 기존상품 연결/신규확정/제외 필요
하커허벌 마누카 로젠지 MGO 514+ 10박스+딥클리어샷 2박스,,,,,,,,,,,확인필요,N,,,2026-08-29 신규 자동등록 · 표준상품명 미확정 · 대시보드에서 기존상품 연결/신규확정/제외 필요
"한림수협 제주 참굴비 70g내외x30미, 총2.1kg",,,,,,,,,,,확인필요,N,,,2026-08-28 신규 자동등록 · 표준상품명 미확정 · 대시보드에서 기존상품 연결/신규확정/제외 필요
한미 완전두유 고칼슘 총100팩,,,,,,,,,,,확인필요,N,,,2026-08-28 신규 자동등록 · 표준상품명 미확정 · 대시보드에서 기존상품 연결/신규확정/제외 필요
한미사이언스 완전두유 더진한 서리태 무가당 99.9 190㎖ 80팩,,,,,,,,,,,확인필요,N,,,2026-08-28 신규 자동등록 · 표준상품명 미확정 · 대시보드에서 기존상품 연결/신규확정/제외 필요
한우 1++ No.9 150g x 9팩,,,,,,,,,,,확인필요,N,,,2026-08-26 신규 자동등록 · 표준상품명 미확정 · 대시보드에서 기존상품 연결/신규확정/제외 필요
한우먹는날 한우 암소 등심스테이크 10팩,,,,,,,,,,,확인필요,N,,,2026-08-28 신규 자동등록 · 표준상품명 미확정 · 대시보드에서 기존상품 연결/신규확정/제외 필요
한우먹는날 한우 투쁠불고기 200g x 8팩,,,,,,,,,,,확인필요,N,,,2026-08-25 신규 자동등록 · 표준상품명 미확정 · 대시보드에서 기존상품 연결/신규확정/제외 필요
"한우사랑 1등급 한우 차돌박이 150g*8팩, 총 1.2kg",,,,,,,,,,,확인필요,N,,,2026-08-25 신규 자동등록 · 표준상품명 미확정 · 대시보드에서 기존상품 연결/신규확정/제외 필요
한우사랑 만능 한우다짐육 180g*8팩,,,,,,,,,,,확인필요,N,,,2026-08-26 신규 자동등록 · 표준상품명 미확정 · 대시보드에서 기존상품 연결/신규확정/제외 필요
한우투쁠스테이크,,,,,,,,,,,확인필요,N,,,2026-08-28 신규 자동등록 · 표준상품명 미확정 · 대시보드에서 기존상품 연결/신규확정/제외 필요
한지형 서산 마늘 3kg,,,,,,,,,,,확인필요,N,,,2026-08-27 신규 자동등록 · 표준상품명 미확정 · 대시보드에서 기존상품 연결/신규확정/제외 필요
해농 세번 구운 파래김 100+100매,,,,,,,,,,,확인필요,N,,,2026-08-25 신규 자동등록 · 표준상품명 미확정 · 대시보드에서 기존상품 연결/신규확정/제외 필요
"해운대암소갈비집 한우 등심불고기 6팩, 감자사리면 2팩",,,,,,,,,,,확인필요,N,,,2026-08-29 신규 자동등록 · 표준상품명 미확정 · 대시보드에서 기존상품 연결/신규확정/제외 필요
햇반 라이스플랜 32입,,,,,,,,,,,확인필요,N,,,2026-08-28 신규 자동등록 · 표준상품명 미확정 · 대시보드에서 기존상품 연결/신규확정/제외 필요
허닭 닭다리살 스테이크 2종 총 14팩 세트,,,,,,,,,,,확인필요,N,,,2026-08-28 신규 자동등록 · 표준상품명 미확정 · 대시보드에서 기존상품 연결/신규확정/제외 필요
호시우보 한우1++ 스테이크 세트,,,,,,,,,,,확인필요,N,,,2026-08-26 신규 자동등록 · 표준상품명 미확정 · 대시보드에서 기존상품 연결/신규확정/제외 필요
홀베리그린샐러드,,,,,,,,,,,확인필요,N,,,2026-08-29 신규 자동등록 · 표준상품명 미확정 · 대시보드에서 기존상품 연결/신규확정/제외 필요
홀베리주스프로젝트,,,,,,,,,,,확인필요,N,,,2026-08-29 신규 자동등록 · 표준상품명 미확정 · 대시보드에서 기존상품 연결/신규확정/제외 필요
홍삼정 농축분말 총 5박스,,,,,,,,,,,확인필요,N,,,2026-08-29 신규 자동등록 · 표준상품명 미확정 · 대시보드에서 기존상품 연결/신규확정/제외 필요
○ 홍삼진고 데일리스틱,,,,,,,,,,,확인필요,N,,,2026-08-28 신규 자동등록 · 표준상품명 미확정 · 대시보드에서 기존상품 연결/신규확정/제외 필요
홍석천의 프리미엄 블랙타이거새우 310gx5팩,,,,,,,,pending,,N,확인필요,N,,,2026-08-28 신규 자동등록 · 표준상품명 미확정 · 대시보드에서 기존상품 연결/신규확정/제외 필요
●황성주 박사의 1일1생식 라이프밀 6박스+2박스+흔들컵2개● | 원산지 : 상품정보 참조,,,,,,,,,,,확인필요,N,,,2026-08-27 신규 자동등록 · 표준상품명 미확정 · 대시보드에서 기존상품 연결/신규확정/제외 필요
황성주 박사의 라이프밀 8박스+영양식 3박스+흔들컵2,,,,,,,,,,,확인필요,N,,,2026-08-22 신규 자동등록 · 표준상품명 미확정 · 대시보드에서 기존상품 연결/신규확정/제외 필요
★흥Good 든든한 3N5 간편종합보험★,,,,,,,,,,,확인필요,N,,,2026-08-25 신규 자동등록 · 표준상품명 미확정 · 대시보드에서 기존상품 연결/신규확정/제외 필요
1일 1레몬 유기농 레몬즙,1일 1레몬 유기농 레몬즙,,과채주스,레몬,,,,,,,확정,Y,,,반복 3회 / 제목형태 1종 / 신뢰도 높음
2026 영양 빛깔찬 햇고춧가루 2kg | 원산지 : 상품정보 참조,2026 영양 빛깔찬 햇고춧가루 2kg | 원산지 : 상품정보 참조,,,,,,,,,,확인필요,N,,,2026-08-24 신규 자동등록 · 대시보드에서 확정/병합/제외 필요
2026년 햇 경북산 청결 고춧가루 청양 고춧가루,2026년 햇 경북산 청결 고춧가루 청양 고춧가루,,조미식품,고추,,,,,,,확정,Y,,,반복 2회 / 제목형태 1종 / 신뢰도 보통
통살닭다리구이 소금10팩 + 매콤양념10팩,BBQ 통살닭다리구이,BBQ,양념육,닭고기,,,,,,,confirmed,Y,create_new,2026-08-25T14:28:25+09:00,
HLB제약 어진 맥문동 진액,HLB제약 어진 맥문동 진액,HLB제약,액상차,맥문동,,,,,,,confirmed,Y,update_product,2026-08-24T16:54:57+09:00,반복 3회 / 제목형태 2종 / 신뢰도 높음
"TROO 동결건조 블루베리 25팩 + 방송에서만 2팩 더, 총 27팩(팩당 15g, 원과 투입중량 약 115g)",TROO 동결건조 블루베리,트루나스,과채가공품,블루베리,,,,,,,confirmed,Y,create_new,2026-08-25T11:23:53+09:00,
V27 영구저장 테스트 상품,V27 영구저장 테스트 상품,TEST,테스트,테스트,,,,,,,confirmed,Y,create_new,2026-08-24T14:44:58+09:00,
햇 가족 의성眞 황도복숭아(말랑이) 4kg,가족 의성 眞 햇 복숭아 황도,가족,과일,복숭아,,,,,,,confirmed,Y,create_new,2026-08-25T14:29:13+09:00,
강병원 한우투뿔 스테이크 130gx10팩,강병원한우투뿔스테이크,강병원,양념육,소고기,,,,,,,confirmed,Y,create_new,2026-08-25T17:29:39+09:00,
강봉석명인 콩범벅깨범벅,강봉석명인 콩범벅깨범벅,강봉석,과자,강정,,,,,,,confirmed,Y,update_product,2026-08-25T16:19:03+09:00,2026-08-28 신규 자동등록 · 표준상품명 미확정 · 대시보드에서 기존상품 연결/신규확정/제외 필요
강화섬쌀 나들미 (특등급) 20kg*1포,강화군농협쌀조합 강화섬쌀 나들미,강화섬쌀,농산물,쌀,,,,,,,confirmed,Y,create_new,2026-08-25T17:53:32+09:00,
26년 햇 괴산대학 찰옥수수 30개(특등급),개미네농가 괴산대학찰옥수수,개미네농가,농산물,옥수수,,,,,,,confirmed,Y,create_new,2026-08-25T16:15:38+09:00,
꽃게장,경양수산 국내산 알배기 간장게장,경양수산,절임식품,꽃게,,,,,,,confirmed,Y,link_existing,2026-08-24T16:38:27+09:00,
국내산갑오징어,경양수산 손질갑오징어,경양수산,기타수산물가공품,오징어,,,,,,,confirmed,Y,create_new,2026-08-25T14:09:34+09:00,
구룡수산손질통오징어 260g×6팩,경양수산 손질통오징어,경양수산,수산물,오징어,,,,,,,confirmed,Y,create_new,2026-08-25T16:21:09+09:00,
손질통오징어 130g × 20미,경양수산 손질통오징어,경양수산,수산물,오징어,,,,,,,confirmed,Y,link_existing,2026-08-25T16:35:01+09:00,
경희보감침향달임액,경희보감침향달임액,경희보감,액상차,침향,,,,,,,confirmed,Y,update_product,2026-08-24T17:08:56+09:00,
고창 복분자 발효농축분말 스푼5개,고창 복분자 발효농축분말 스푼5개,,과채가공/분말,복분자,,,,,,,확정,Y,,,반복 2회 / 제목형태 1종 / 신뢰도 보통
고춧가루4,고춧가루4,,조미식품,고추,,,,,,,확인필요,N,,,"구체 제품 확인 필요 · 기존 제품이면 기존 표준상품에 연결, 신규면 정확한 신규 제품명으로 확정"
골드 카무트 효소 프리미엄,골드 카무트 효소,,건강식품/효소,효소,,,,,,,확정,Y,,,표준명 통합: 골드 카무트 효소 | 반복 2회 / 제목형태 1종 / 신뢰도 보통
"숙성 귀리쌀,숙성현미세트",광복 숙성 귀리쌀,광복,곡류,귀리,,,,,,,confirmed,Y,create_new,2026-08-25T14:37:38+09:00,
국내산 직화구이 무뼈닭발,국내산 직화구이 무뼈닭발,,육류/간편식,닭,,,,,,,확정,Y,,,반복 2회 / 제목형태 1종 / 신뢰도 보통
군산 황금 박대 총 20미,군산 황금 박대 총 20미,,,,,,,,,,확인필요,N,,,2026-08-21 신규 자동등록 · 대시보드에서 확정/병합/제외 필요
굴비1,굴비1,,수산물,굴비,,,,,,,확인필요,N,,,어떤 굴비 상품인지 확인 필요 · 기존 제품 연결 또는 신규 제품명 확정
궁키친 이상민 시그니처 갈비살 8팩 + 마늘듬뿍 갈비소스 1병,궁키친 이상민 시그니처 갈비살 8팩 + 마늘듬뿍 갈비소스 1병,,,,,,,,,,확인필요,N,,,2026-08-21 신규 자동등록 · 대시보드에서 확정/병합/제외 필요
[방송중 반값세일/12개월] 골드 카무트 효소 12박스 + 파로 5봉 + 저당밥솥,그레인온 골드 카무트 브랜드밀효소,그레인온,효소식품,카무트,,,,,,,confirmed,Y,link_existing,2026-08-25T15:40:35+09:00,
[50％세일] 골드 카무트 효소 12박스 +  파로누룽지 1박스(10봉) + 복부마사지기,그레인온 골드 카무트 브랜드밀효소,그레인온,효소식품,카무트,,,,,,,confirmed,Y,link_existing,2026-08-25T13:15:23+09:00,
골드카무트효소,그레인온 골드 카무트 브랜드밀효소,그레인온,효소식품,카무트,,,,,,,confirmed,Y,update_product,2026-08-24T16:34:30+09:00,
[상시] 그레인온 골드 카무트 효소 14박스+파로 5봉,그레인온 골드 카무트 브랜드밀효소,그레인온,효소식품,카무트,,,,,,,confirmed,Y,link_existing,2026-08-25T10:52:24+09:00,
[50％세일] 골드 파로효소 캡슐레이션 12박스 + 무선텀블러믹서기,그레인온 골드 파로효소 캡슐레이션,그레인온,효소식품,파로,,,,,,,confirmed,Y,link_existing,2026-08-25T13:31:42+09:00,
[50%세일][그레인온]골드 파로효소 캡슐레이션 12박스+텀블러 믹서기,그레인온 골드 파로효소 캡슐레이션,그레인온,효소식품,파로,,,,,,,confirmed,Y,link_existing,2026-08-25T13:23:42+09:00,
골드 파로효소 캡슐레이션 무선 텀블러 블렌더,그레인온 골드 파로효소 캡슐레이션,그레인온,효소식품,파로,,,,,,,confirmed,Y,create_new,2026-08-24T16:58:13+09:00,
골드 파로효소 캡슐레이션 텀블러믹서기,그레인온 골드 파로효소 캡슐레이션,그레인온,효소식품,파로,,,,,,,confirmed,Y,link_existing,2026-08-24T16:59:57+09:00,
골드파로효소,그레인온 골드 파로효소 캡슐레이션,그레인온,효소식품,파로,,,,,,,confirmed,Y,update_product,2026-08-24T17:03:38+09:00,표준명 통합: 골드 파로효소 | 반복 2회 / 제목형태 1종 / 신뢰도 보통
[상시] 그레인온 파로 캡슐레이션 효소 12박스,그레인온 골드 파로효소 캡슐레이션,그레인온,효소식품,파로,,,,,,,confirmed,Y,link_existing,2026-08-25T15:32:47+09:00,
[카사베르디] ★유리네 특별구성★ 발사믹 1병 더! 카사베르디 유기농 레드와인 비니거 6병+2병+발사믹 1병+전용 용기+세퍼 무선 텀블러 믹서기,그레인온 카사베르디 유기농 레드와인 비니거,카사베르디,발효식초,레드와인비니거,,,,,,,confirmed,Y,create_new,2026-08-25T15:48:39+09:00,
김소형원방 온감환 다이어트,김소형원방 온감 환 다이어트,김소형원방,건강기능식품,"차전자피식이섬유, 가르시니아",,,,,,,confirmed,Y,update_product,2026-08-25T16:22:29+09:00,2026-08-24 신규 자동등록 · 표준상품명 미확정 · 대시보드에서 기존상품 연결/신규확정/제외 필요
★방송에서만 반값세일★ 김소형원방 온감환 다이어트,김소형원방 온감 환 다이어트,김소형원방,건강기능식품,"차전자피식이섬유, 가르시니아",,,,,,,confirmed,Y,link_existing,2026-08-25T16:34:19+09:00,
김오곤 원장의 한방 다이어트 환,김오곤 원장의 한방 다이어트 환,김오곤,건강기능식품,"차전자피식이섬유, 가르시니아",,,,,,,confirmed,Y,update_product,2026-08-24T17:07:28+09:00,반복 2회 / 제목형태 1종 / 신뢰도 보통
김오곤 원장의 한방(Onepunch) 다이어트환 4+1박스(총10주분),김오곤 원장의 한방 다이어트 환,김오곤,건강기능식품,"차전자피식이섬유, 가르시니아",,,,,,,confirmed,Y,link_existing,2026-08-25T17:45:50+09:00,
반값세일 김오곤 원장의 한방 다이어트 환,김오곤 원장의 한방 다이어트 환,김오곤,건강기능식품,"차전자피식이섬유, 가르시니아",,,,,,,confirmed,Y,update_product,2026-08-24T17:07:28+09:00,표준명 통합: 김오곤 원장의 한방 다이어트 환 | 반복 2회 / 제목형태 2종 / 신뢰도 보통
[김하진의 궁중 수랏간!] 김하진의 궁중 표고버섯 찜갈비 500g × 6팩,김하진 궁중 표고버섯 찜갈비,김하진,식육추출가공품,갈비,,,,,,,confirmed,Y,create_new,2026-08-25T11:39:40+09:00,
김하진 제주 특대은갈치 20토막,김하진 오늘바다 제주은갈치,김하진,기타수산물가공품,갈치,,,,,,,confirmed,Y,update_product,2026-08-24T16:36:03+09:00,2026-08-25 신규 자동등록 · 표준상품명 미확정 · 대시보드에서 기존상품 연결/신규확정/제외 필요
아보카도꿀,김하진의 아보카도꿀,김하진,벌꿀,꿀,,,,,,,confirmed,Y,create_new,2026-08-25T18:08:52+09:00,
수박당근쥬스1,나미에프앤비 NFC 리얼 100% 수박,나미에프앤비,과채가공품,수박,,,,,,,confirmed,Y,create_new,2026-08-25T17:40:14+09:00,
"[가공수산 1등, 재구매율 1등]남가네 설악 추어탕 450g×12팩",남가네 설악추어탕,남가네,즉석조리식품,추어탕,,,,,,,confirmed,Y,create_new,2026-08-25T13:57:07+09:00,
못난이사과,내입에 못난이사과,내입에,과일,사과,,,,,,,confirmed,Y,link_existing,2026-08-25T15:00:53+09:00,
사과1,내입에 못난이사과,내입에,과일,사과,,,,,,,confirmed,Y,create_new,2026-08-25T14:35:13+09:00,
알뜰 못난이 보조개 초록사과,내입에 알뜰 못난이 보조개 초록사과,내입에,과일,사과,,,,,,,confirmed,Y,create_new,2026-08-25T16:59:03+09:00,
넛츠데이_견과세트,넛츠데이 넛츠패밀리,넛츠데이,땅콩또는견과류가공품,견과류,,,,,,,confirmed,Y,create_new,2026-08-25T16:23:47+09:00,
녹우원 등심 파불고기 300g x 10팩,녹우원의 등심 파불고기,녹우원,양념육,불고기,,,,,,,confirmed,Y,create_new,2026-08-25T14:00:07+09:00,
[100% 국내산 천연 햇 벌꿀]농협안심특화꿀 아까시꽃꿀 5병,농협안심 벌꿀 아까시꽃꿀,농협안심,아카시아꽃꿀,꿀,,,,,,,confirmed,Y,create_new,2026-08-25T18:04:19+09:00,
[방송에서만 6박스 더]뉴밋 유기농 블루베리퓨레 14박스,뉴밋 유기농 블루베리 100,뉴밋,과채주스,블루베리,,,,,,,confirmed,Y,create_new,2026-08-25T17:24:25+09:00,
뉴밋 유기농 엑스트라버진 올리브오일 피쿠알,뉴밋 유기농 엑스트라버진 올리브오일,뉴밋,오일,올리브,,,,,,,확정,Y,,,표준명 통합: 뉴밋 유기농 엑스트라버진 올리브오일 | 반복 2회 / 제목형태 1종 / 신뢰도 보통
뉴밋올리브오일,뉴밋 유기농 엑스트라버진 올리브오일,뉴밋,오일,올리브,,,,,,,확정,Y,,,표준명 통합: 뉴밋 유기농 엑스트라버진 올리브오일 | 반복 2회 / 제목형태 1종 / 신뢰도 보통
[방송에서만세일]유기농 엑스트라버진 올리브오일 피쿠알 14박스 | 원산지 : 상품정보 참조,뉴밋 유기농 엑스트라버진 유기농오일 피쿠알 100%,뉴밋,올리브유,올리브유,,,,,,,confirmed,Y,create_new,2026-08-25T13:22:05+09:00,
뉴온 시서스 필 다이어트,뉴온 시서스 필 다이어트,뉴온,다이어트,시서스,,,,,,,확정,Y,,,반복 3회 / 제목형태 2종 / 신뢰도 높음
시서스 필 다이어트,뉴온 시서스 필 다이어트,뉴온,다이어트,시서스,,,,,,,confirmed,Y,update_product,2026-08-25T14:59:16+09:00,반복 2회 / 제목형태 1종 / 신뢰도 보통
트리플 콘드로이친 1200+MBP(12박스),뉴온 트리플 콘드로이친 1200,뉴온,음료베이스,콘드로이친,,,,,,,confirmed,Y,create_new,2026-08-25T15:43:40+09:00,
[대상웰라이프] T[직][더블]뉴케어 구수한맛 밸런스업 총 144팩 (230ml X 24팩 X 6박스),뉴케어 구수한맛 밸런스업 완전균형영양식,뉴케어,균형영양조제식품,단백질,,,,,,,confirmed,Y,link_existing,2026-08-25T15:11:32+09:00,
[방송에서만]뉴케어 구수한맛 밸런스업 144팩,뉴케어 구수한맛 밸런스업 완전균형영양식,뉴케어,균형영양조제식품,단백질,,,,,,,confirmed,Y,link_existing,2026-08-25T17:43:09+09:00,
164 루테인지아잔틴GR 15개월분,뉴트리원 루테인지아잔틴 GR,뉴트리원,건강기능식품,루테인,,,,,,,confirmed,Y,update_product,2026-08-25T16:16:23+09:00,
뉴트리원 이병헌 루테인지아잔틴164 GR,뉴트리원 이병헌 루테인지아잔틴164 GR,뉴트리원,건강식품/눈건강,루테인/카로티노이드,,,,,,,확정,Y,,,반복 2회 / 제목형태 2종 / 신뢰도 보통
(총 13박스) 뉴트리원 카무트®브랜드밀효소 골드 S_12박스 + 1박스,뉴트리원 카무트®브랜드 밀 효소 골드 S,뉴트리원,효소식품,카무트,,,,,,,confirmed,Y,create_new,2026-08-25T17:11:52+09:00,
[방송에서만] 관절엔 DEM 12개월분,뉴트리코어 관절엔DEM,뉴트리코어,건강기능식품,DEM,,,,,,,confirmed,Y,link_existing,2026-08-25T15:41:57+09:00,
[방송에서만] 관절엔 DEM 디이엠 난각막 12박스(12개월분) | 원산지 : 상품정보 참조,뉴트리코어 관절엔DEM,뉴트리코어,건강기능식품,DEM,,,,,,,confirmed,Y,create_new,2026-08-25T15:40:14+09:00,
[방송에서만]뉴트리코어 하이퍼셀 코엔자임Q10 맥스 12박스+6박스 더,뉴트리코어 하이퍼셀 코엔자임Q10 맥스,뉴트리코어,건강기능식품,코엔자임Q10,,,,,,,confirmed,Y,create_new,2026-08-25T13:14:35+09:00,
"○방송에서만 뉴트리코어 하이퍼셀 코엔자임 Q10 맥스 18박스(1박스:1,000mgX30캡슐",뉴트리코어 하이퍼셀 코엔자임Q10 맥스,뉴트리코어,건강기능식품,코엔자임Q10,,,,,,,confirmed,Y,link_existing,2026-08-25T16:29:21+09:00,
[샤크닌자] 닌자 블렌드보스 텀블러 블렌더 네이비,[샤크닌자] 닌자 블렌드보스 텀블러 블렌더 네이비,,,,,,,,,,exclude,N,exclude_alias,2026-08-25T18:12:50+09:00,
손질전복1,다복 국내산 손질전복,다복,기타수산물가공품,전복,,,,,,,confirmed,Y,link_existing,2026-08-24T16:40:21+09:00,
다움유기농김수경생식,다움 김수경박사의 프리미엄 유기농 생식,다운,생식함유제품,생식,,,,,,,confirmed,Y,create_new,2026-08-25T17:30:48+09:00,
[역대최다구성]다이어트 유산균 9개월분+플러스60포,다이어트 유산균 비에날씬,비에날씬,건강기능식품,BNR17,,,,,,,confirmed,Y,create_new,2026-08-25T15:41:27+09:00,
[방송에서만]다이어트 유산균 9박스+프로틴 14포+텀블러1개+디라이프 원팟 글라스 에어프라이어 | 원산지 : 상품정보 참조,다이어트 유산균 비에날씬,비에날씬,건강기능식품,BNR17,,,,,,,confirmed,Y,link_existing,2026-08-25T17:37:39+09:00,
다이어트유산균BNR17 비에날씬프로,다이어트 유산균 비에날씬,비에날씬,건강기능식품,BNR17,,,,,,,confirmed,Y,link_existing,2026-08-25T16:54:36+09:00,
[1등특집] 비에날씬 유산균 36주분+슬림플러스 4주분+EMS 복부마사지기,다이어트 유산균 비에날씬 슬림플러스,비에날씬,건강기능식품,BNR17,,,,,,,confirmed,Y,link_existing,2026-08-24T17:35:22+09:00,
(방송에서만)[9+2박스+프라이팬]★NEW 비에날씬 프로★BNR17 다이어트 유산균 비에날씬 프로9박스+슬림플러스2박스+후라이팬,다이어트 유산균 비에날씬 프로,비에날씬,건강기능식품,BNR17,,,,,,,confirmed,Y,create_new,2026-08-25T17:35:40+09:00,
[현대단독] 패밀리세트 비에날씬 프로 12박스+비에날퀸 1박스+비에날씬 플러스 1박스,다이어트 유산균 비에날씬 프로,비에날씬,건강기능식품,BNR17,,,,,,,confirmed,Y,link_existing,2026-08-25T18:14:49+09:00,
다이어트 유산균 프로틴14포 날개없는선풍기,다이어트 유산균 프로틴14포 날개없는선풍기,,유산균,유산균,,,,,,,확정,Y,,,반복 3회 / 제목형태 1종 / 신뢰도 높음
이시형 박사의 인생 마그네슘 영양제,닥터루템 이시형 박사의 인생 마그네슘 영양제,닥터루템,건강기능식품,마그네슘,,,,,,,confirmed,Y,update_product,2026-08-24T17:23:38+09:00,표준명 통합: 이시형 박사의 인생 마그네슘 | 반복 7회 / 제목형태 3종 / 신뢰도 높음
닥터루템_알부민,닥터루템 이시형박사의 알부민 플래티넘,닥터루템,혼합음료,알부민,,,,,,,confirmed,Y,create_new,2026-08-25T17:47:30+09:00,
[최저가][방송에서만] 이시형 박사의 알부민 플래티넘 3박스+3박스 (180병) | 원산지 : 상품정보 참조,닥터루템 이시형박사의 알부민 플래티넘,닥터루템,혼합음료,알부민,,,,,,,confirmed,Y,link_existing,2026-08-25T17:59:45+09:00,
"[닥터린] 반값 세일![12개월] 닥터린 콘드로이친 1200 콘레이티+MBP 12박스 (1박스:1,200mgX30정)",닥터린 콘드로이친 1200 콘레이티 +MBP,닥터린,당류가공품,콘트로이친,,,,,,,confirmed,Y,link_existing,2026-08-25T13:19:09+09:00,
[닥터린] 콘드로이친 1200 콘레이티+MBP+K2 12개월분+비타민K2 2개월분,닥터린 콘드로이친 1200 콘레이티 +MBP,닥터린,건강기능식품,콘드로이친,,,,,,,confirmed,Y,link_existing,2026-08-24T17:37:17+09:00,
콘드로이친1,닥터린 콘드로이친 1200 콘레이티 +MBP,닥터린,당류가공품,콘트로이친,,,,,,,confirmed,Y,link_existing,2026-08-25T15:06:18+09:00,
닥터린 파비플로라x알파CD 12박스+6박스(방송에서만 6박스 더) 총 18박스(252포),닥터린 파비플로라 x 알파CD,닥터린,액상차,파비플로라,,,,,,,confirmed,Y,create_new,2026-08-25T12:00:15+09:00,
닥터린 하이퍼셀 대마종자유,닥터린 하이퍼셀 대마종자유,닥터린,기타 식용유지가공품,대마종자유,,,,,,,confirmed,Y,update_product,2026-08-24T17:08:05+09:00,2026-08-26 신규 자동등록 · 표준상품명 미확정 · 대시보드에서 기존상품 연결/신규확정/제외 필요
담가온 국내산 포기김치 10kg,담가온 포기김치,담가온,김치,김치,,,,,,,confirmed,Y,create_new,2026-08-25T11:48:26+09:00,
담백한 베지밀 A 검은콩두유 190ml*80팩 | 원산지 : 상품정보 참조,담백한 베지밀 A 검은콩두유,베지밀,가공두유,두유,,,,,,,confirmed,Y,create_new,2026-08-25T11:40:49+09:00,
[방송에서만 8주분 더] 대원제약 모발콜라겐 3X 총 32주분,대원제약 모발콜라겐 3x,대원제약,건강기능식품,콜라겐,,,,,,,confirmed,Y,create_new,2026-08-25T15:46:27+09:00,
[초특가] 대원제약 아스타잔틴 루테인지아잔틴(아스타루지) 20개월분 + 저압냄비,대원제약 아스타루지,대원제약,건강기능식품,루테인,,,,,,,confirmed,Y,create_new,2026-08-25T18:16:27+09:00,
대원제약 아스타잔틴 루테인지아잔틴 저압냄비,대원제약 아스타잔틴 루테인지아잔틴 저압냄비,대원제약,건강식품/눈건강,루테인/카로티노이드,,,,,,,확정,Y,,,반복 2회 / 제목형태 1종 / 신뢰도 보통
엔씨나스  유기농 엑스트라버진 올리브오일 1병,대원제약 엔씨나스 드 몬테 퀸또 유기농 엑스트라버진 올리브오일,엔씨나스,올리브유,올리브유,,,,,,,confirmed,Y,create_new,2026-08-25T18:03:27+09:00,
▽ 대원헬스 마그네슘킹 6박스,▽ 대원헬스 마그네슘킹 6박스,,,,,,,,,,확인필요,N,,,2026-08-23 신규 자동등록 · 대시보드에서 확정/병합/제외 필요
대원헬스 아스타 루지,대원헬스 아스타 루지,대원헬스,건강식품/눈건강,루테인/카로티노이드,,,,,,,확정,Y,,,반복 3회 / 제목형태 2종 / 신뢰도 높음
대원헬스 혈당파이터,대원헬스 혈당파이터,대원헬스,건강식품/혈당관리,,,,,,,,확정,Y,,,반복 3회 / 제목형태 2종 / 신뢰도 높음
"[대천김] ★방송에서만★ 대천김 곱창캔김 12캔, 김자반볶음 1봉",대천김 곱창김,대천김,조미김,김,,,,,,,confirmed,Y,create_new,2026-08-25T14:06:42+09:00,
더미식장인라면1,더미식 장인라면,더미식,건면,라면,,,,,,,confirmed,Y,create_new,2026-08-25T11:11:02+09:00,
[농할] 국내산 경북 햇 아삭이복숭아 5kg / 총 21∼25과 [방송에서만 이가격],더함프레시 경북 햇 아삭이복숭아,더함프레시,과일,복숭아,,,,,,,confirmed,Y,create_new,2026-08-25T14:21:53+09:00,
그린 아세로라 C,데이즈온 그린 아세로라 C,데이즈온,과채가공품,아세로라,,,,,,,confirmed,Y,update_product,2026-08-24T17:05:35+09:00,반복 3회 / 제목형태 1종 / 신뢰도 높음
데이즈온 그린 아세로라C 텀블러1개,데이즈온 그린 아세로라C 텀블러1개,데이즈온,건강식품/비타민,아세로라,,,,,,,확정,Y,,,반복 2회 / 제목형태 1종 / 신뢰도 보통
데이즈온 파라다이스그레인,데이즈온 파라다이스그레인,데이즈온,다이어트/건강식품,곡물,,,,,,,확정,Y,,,반복 4회 / 제목형태 1종 / 신뢰도 높음
(방송에서만) 데이즈온 파라다이스 그레인 버닝 9박스(18주분) + 알파CD 젤리1박스,데이지온 파라다이스 그레인 버닝,데이지온,과채가공품,그레인,,,,,,,confirmed,Y,link_existing,2026-08-25T13:28:29+09:00,
[8/2 알파CD젤리] 데이즈온 파라다이스 그레인 버닝 총 9박스 (18주분)+알파CD 탱글 젤리 2박스 사은품,데이지온 파라다이스 그레인 버닝,데이지온,과채가공품,그레인,,,,,,,confirmed,Y,link_existing,2026-08-25T15:50:04+09:00,
[방송에서만]파라다이스 그레인 버닝 6+3박스(700mg*28정*9박스/18주분) | 원산지 : 상품정보 참조,데이지온 파라다이스 그레인 버닝,데이지온,과채가공품,그레인,,,,,,,confirmed,Y,create_new,2026-08-24T15:20:41+09:00,
파라다이스그레인버닝,데이지온 파라다이스 그레인 버닝,데이지온,과채가공품,그레인,,,,,,,confirmed,Y,link_existing,2026-08-25T15:44:16+09:00,
덴프스 LGG 덴마크 유산균이야기,덴프스 덴마크 유산균 이야기,덴프스,유산균,유산균,,,,,,,확정,Y,,,표준명 통합: 덴프스 덴마크 유산균 이야기 | 반복 3회 / 제목형태 2종 / 신뢰도 높음
덴프스 덴마크 유산균 이야기,덴프스 덴마크 유산균 이야기,덴프스,유산균,유산균,,,,,,,확정,Y,,,반복 2회 / 제목형태 2종 / 신뢰도 보통
덴프스 트루바이타민 올인원,덴프스 트루바이타민 올인원,덴프스,건강기능식품,비타민,,,,,,,confirmed,Y,update_product,2026-08-25T14:57:51+09:00,반복 2회 / 제목형태 1종 / 신뢰도 보통
덴프스 트루바이타민 올인원 멀티비타민 루테인 밀크씨슬,덴프스 트루바이타민 올인원,덴프스,건강기능식품,비타민,,,,,,,confirmed,Y,link_existing,2026-08-25T14:58:19+09:00,
"도미솔김치 포기 8.5kg+열무2kg+총각2kg+깻잎1kg(총4종,13.5kg)",도미솔김치 포기,도미솔김치,김치,김치,,,,,,,confirmed,Y,create_new,2026-08-25T16:09:13+09:00,
도투락 프리메로 야생 빌베리 퓨레,도투락 프리메로 야생 빌베리 퓨레,프리메로,기타 식품,,,,,,,,확정,Y,,,반복 2회 / 제목형태 2종 / 신뢰도 보통
[목주름콜라겐] 최신상 더마콜라겐 시그니처RN 10+3박스,라이필 더마콜라겐 시그니처 RN,라이필,건강기능식품,콜라겐,,,,,,,confirmed,Y,create_new,2026-08-25T13:11:32+09:00,
락토핏 코어맥스 복부 마사지기,락토핏 코어맥스 복부 마사지기,락토핏,기타 식품,,,,,,,,확정,Y,,,반복 2회 / 제목형태 1종 / 신뢰도 보통
[리뉴얼] 레드플러스청양구기자17통+스푼5개_R,레드플러스 청양구기자 발효농축분말,GBMS,기타가공품,구기자,,,,,,,confirmed,Y,create_new,2026-08-25T11:22:59+09:00,
(방송에서만)레이델 폴리코사놀 5 18박스(18개월분),레이델 폴리코사놀5,레이델,건강기능식품,폴리코사놀,,,,,,,confirmed,Y,link_existing,2026-08-25T15:15:42+09:00,
폴리코사놀5,레이델 폴리코사놀5,레이델,건강기능식품,폴리코사놀,,,,,,,confirmed,Y,update_product,2026-08-25T15:07:40+09:00,반복 3회 / 제목형태 2종 / 신뢰도 높음
"[은나노스텝] ★롯데단독 최대용량★[더블] 은나노스텝  파인오일 다용도 500mlx2통 + 다용도 리필용 1,000mlx7통","[은나노스텝] ★롯데단독 최대용량★[더블] 은나노스텝  파인오일 다용도 500mlx2통 + 다용도 리필용 1,000mlx7통",,,,,,,,,,exclude,N,exclude_alias,2026-08-25T17:50:19+09:00,
리고땅콩스프레드1,리고 땅콩버터,리고,땅콩버터,땅콩버터,,,,,,,confirmed,Y,create_new,2026-08-25T17:23:42+09:00,
"(방송에서만 50％세일/최다구성) 리즐온 아보카도 엑스트라버진 오일 9+1, 10병",리즐온 엑스트라버진 아보카도오일,리즐온,기타식물성유지,아보카도유,,,,,,,confirmed,Y,create_new,2026-08-25T16:04:43+09:00,
[링티] ☆방송 중에만 반값세일☆링티 액티브 프로 5박스(11g*10포*5박스)+원형보틀 500ml 1개+사각보틀  500ml 1개,링티 엑티브 프로,링티,건강기능식품,비타민,,,,,,,confirmed,Y,link_existing,2026-08-25T17:45:29+09:00,
액티브 프로 11박스 +보틀2개,링티 엑티브 프로,링티,건강기능식품,비타민,,,,,,,confirmed,Y,link_existing,2026-08-25T14:38:12+09:00,
[50% SALE] 액티브 프로 11박스 + 보틀2개 + 수분콜라겐,링티 엑티브 프로,링티,건강기능식품,비타민,,,,,,,confirmed,Y,link_existing,2026-08-25T14:29:28+09:00,
[50% SALE] 액티브 프로 12박스+보틀2개+수분콜라겐,링티 엑티브 프로,링티,건강기능식품,비타민,,,,,,,confirmed,Y,link_existing,2026-08-25T15:55:14+09:00,
만복이_어육바,만복이 돼지감자어육바,만복이,기타어육가공품,어묵,,,,,,,confirmed,Y,create_new,2026-08-25T11:16:16+09:00,
불닭발1,맛집야식당 직화무뼈불닭발,맛집야식당,즉석조리식품,닭발,,,,,,,confirmed,Y,create_new,2026-08-25T16:14:46+09:00,
메이필드 호텔 LA갈비,메이필드 호텔 LA갈비,메이필드호텔,육류/갈비,소고기,,,,,,,확정,Y,,,반복 5회 / 제목형태 1종 / 신뢰도 높음
명가꽈배기1,명가꽈배기,명가꽈배기,과자,꽈배기,,,,,,,confirmed,Y,create_new,2026-08-25T11:20:55+09:00,
손질통오징어1,명진 손질통오징어,명진,기타수산물가공품,오징어,,,,,,,confirmed,Y,create_new,2026-08-25T17:55:05+09:00,
[방송에서만] 무엘올리바 엑스트라 버진 올리브 오일 500ml 5병  + 쇼핑백 3장,모엘올리바 엑스트라버진 올리브오일,무엘올리바,올리브유,올리브유,,,,,,,confirmed,Y,link_existing,2026-08-25T18:00:07+09:00,
[초특가] 무엘올리바 엑스트라버진 올리브오일 500ML 5병 | 원산지 : 상품정보 참조,모엘올리바 엑스트라버진 올리브오일,무엘올리바,올리브유,올리브유,,,,,,,confirmed,Y,create_new,2026-08-25T15:58:44+09:00,
무배당 흥국생명 오튼튼 건강보험_One,무배당 흥국생명 오튼튼 건강보험_One,,,,,,,,,,exclude,N,exclude_alias,2026-08-25T16:28:49+09:00,2026-08-24 신규 자동등록 · 표준상품명 미확정 · 대시보드에서 기존상품 연결/신규확정/제외 필요
문은희 속초 명태회무침 400g 3통,문은희 속초 명태회무침,문은희,양념젓갈,명태,,,,,,,confirmed,Y,create_new,2026-08-25T11:41:40+09:00,
☆뮤코다당특별구성 대원헬스 관절연골엔 소연골 콘드로이친 뮤코다당단백 1200 8박스+오메가파이터 2박스,☆뮤코다당특별구성 대원헬스 관절연골엔 소연골 콘드로이친 뮤코다당단백 1200 8박스+오메가파이터 2박스,,,,,,,,,,확인필요,N,,,2026-08-23 신규 자동등록 · 대시보드에서 확정/병합/제외 필요
[미도원]100프로 제주산 메밀면세트 (메밀면 150g x 13팩 + 냉면육수 350g x 8팩 + 귤림양념장 50g x 5팩),미도원 제주순수메일,미도원,숙면,메밀,,,,,,,confirmed,Y,create_new,2026-08-25T18:11:23+09:00,
[바다소풍]완도 대왕특대 참전복 15미(마리당 110g이상),바다소풍 대왕특대 참전복,바다소풍,기타수산물가공품,전복,,,,,,,confirmed,Y,create_new,2026-08-25T15:57:01+09:00,
구룡포마른오징어1,바다장터 구룡포 마른 오징어 대사이즈,바다장터,수산물,오징어,,,,,,,confirmed,Y,create_new,2026-08-25T16:03:47+09:00,
[바닷가]국내산 특대사이즈 자연산 반건조 손질 통민어 300g x 10팩,바닷가 국내산 자연산 반건조 손질 통민어,바닷가,기타수산물가공품,민어,,,,,,,confirmed,Y,create_new,2026-08-25T17:41:03+09:00,
[조윤주패키지] 리얼테인 셀리뉴 퍼스트 에센스 180ml * 4통 + (포토리뷰시) 셀리뉴 스프레이 30ml 증정,바이오플러스 리얼테인 셀리뉴,,,,,,,,,,exclude,N,exclude_alias,2026-08-25T13:33:19+09:00,
[1팩더!]박연경의 한우 도가니탕700g*11팩,박연경의 한우 특 도가니탕,박연경,식육추출가공품,도가니탕,,,,,,,confirmed,Y,create_new,2026-08-25T17:42:00+09:00,
박준면의 김치이야기 포기김치4kg+총각김치1kg,박준면 김치이야기 프리미엄 포기김치,박준면,김치,김치,,,,,,,confirmed,Y,create_new,2026-08-25T15:54:23+09:00,
반값세일 오가닉 퓨어 블루베리즙,반값세일 오가닉 퓨어 블루베리즙,,과채주스/베리,블루베리,,,,,,,확정,Y,,,반복 3회 / 제목형태 2종 / 신뢰도 높음
"[마리당 1,248원꼴]법성포참맛굴비 대장대 70g×40미(10마리/1팩)",법성포참맛굴비 대장대,법성포참맛,기타수산물가공품,굴비,,,,,,,confirmed,Y,create_new,2026-08-25T15:51:27+09:00,
베스트넛츠 프리미엄 견과 100봉 (20g x 20봉 x 5박스),베스트넛츠 컬렉션,베스트넛츠,견과류가공품,견과류,,,,,,,confirmed,Y,create_new,2026-08-25T16:08:31+09:00,
베지밀 검은콩 고칼슘 두유 x,베지밀 검은콩 고칼슘 두유,베지밀,두유,콩,,,,,,,확정,Y,,,표준명 통합: 베지밀 검은콩 고칼슘 두유 | 반복 3회 / 제목형태 1종 / 신뢰도 높음
베키아에누보 바질모짜샌드위치 바질토마토치즈샌드위치 올리브치아바타 크리미머쉬룸바게트샌드위치,베키아에누보 바질모짜샌드위치 바질토마토치즈샌드위치 올리브치아바타 크리미머쉬룸바게트샌드위치,베키아에누보,과채주스,토마토,,,,,,,확정,Y,,,반복 2회 / 제목형태 1종 / 신뢰도 보통
NFC 착즙 보넬드 아이엠 당근,보넬드 아이엠 당근주스,보넬드,과채주스,당근,,,,,,,confirmed,Y,update_product,2026-08-24T17:16:52+09:00,표준명 통합: 보넬드 아이엠 당근주스 | 반복 4회 / 제목형태 2종 / 신뢰도 높음
보넬 아이엠 당근 NFC 착즙주스,보넬드 아이엠 당근주스,보넬드,과채주스,당근,,,,,,,confirmed,Y,update_product,2026-08-24T17:16:52+09:00,표준명 통합: 보넬드 아이엠 당근주스 | 반복 4회 / 제목형태 2종 / 신뢰도 높음
보넬드 아이엠 당근 주스,보넬드 아이엠 당근주스,보넬드,과채주스,당근,,,,,,,confirmed,Y,update_product,2026-08-24T17:16:52+09:00,표준명 통합: 보넬드 아이엠 당근주스 | 반복 2회 / 제목형태 1종 / 신뢰도 보통
보넬드당근주스,보넬드 아이엠 당근주스,보넬드,과채주스,당근,,,,,,,confirmed,Y,update_product,2026-08-24T17:16:52+09:00,표준명 통합: 보넬드 아이엠 당근주스 | 반복 2회 / 제목형태 2종 / 신뢰도 보통
아이엠 당근주스,보넬드 아이엠 당근주스,보넬드,과채주스,당근,,,,,,,confirmed,Y,update_product,2026-08-24T17:16:52+09:00,표준명 통합: 보넬드 아이엠 당근주스 | 반복 3회 / 제목형태 3종 / 신뢰도 높음
보넬드토마토주스,보넬드토마토주스,보넬드,과채주스,토마토,,,,,,,확정,Y,,,반복 2회 / 제목형태 1종 / 신뢰도 보통
북안동농협 국산 안동 마가루 마분말 10g*30포*6박스(총180포)+맛책임제3포+쉐이커,북안동농협 안동마,북안동농협,서류가공품,마,,,,,,,confirmed,Y,create_new,2026-08-25T13:10:08+09:00,
블루베리빌 유기농 블루베리 더,블루베리빌 유기농 블루베리 더,블루베리빌,과채주스/베리,블루베리,,,,,,,확정,Y,,,반복 2회 / 제목형태 1종 / 신뢰도 보통
비너지_대마종자유,비너지 대마종자유,비너지,기타식물성유지,대마종자유,,,,,,,confirmed,Y,create_new,2026-08-25T17:25:15+09:00,
비너지대마종자유,비너지대마종자유,,건강식품/오일,대마종자유,,,,,,,확정,Y,,,반복 3회 / 제목형태 1종 / 신뢰도 높음
비에날씬 다이어트유산균,비에날씬 프로,비에날씬,다이어트 유산균,BNR17 유산균,,,,,,,확정,Y,,,표준명 통합: 비에날씬 프로 | 반복 2회 / 제목형태 1종 / 신뢰도 보통
비에날씬 프로 다이어트 유산균 플러스,비에날씬 프로,비에날씬,다이어트 유산균,BNR17 유산균,,,,,,,확정,Y,,,표준명 통합: 비에날씬 프로 | 반복 2회 / 제목형태 1종 / 신뢰도 보통
비에날씬 프로 비에날퀸 비에날씬 플러스,비에날씬 프로,비에날씬,다이어트 유산균,BNR17 유산균,,,,,,,확정,Y,,,표준명 통합: 비에날씬 프로 | 반복 3회 / 제목형태 1종 / 신뢰도 높음
비에날씬 프로 프로틴 2주 플러스 글라스 에어프라이,비에날씬 프로,비에날씬,다이어트 유산균,BNR17 유산균,,,,,,,확정,Y,,,표준명 통합: 비에날씬 프로 | 반복 2회 / 제목형태 1종 / 신뢰도 보통
비에날씬프로,비에날씬 프로,비에날씬,다이어트 유산균,BNR17 유산균,,,,,,,확정,Y,,,표준명 통합: 비에날씬 프로 | 반복 3회 / 제목형태 1종 / 신뢰도 높음
프로 다이어트 유산균 슬림플러스,비에날씬 프로,비에날씬,다이어트 유산균,BNR17 유산균,,,,,,,확정,Y,,,표준명 통합: 비에날씬 프로 | 반복 2회 / 제목형태 1종 / 신뢰도 보통
빨간스캔들 유기농 석류 콜라겐 젤리,빨간스캔들 유기농 석류 콜라겐 젤리,,건강식품/콜라겐,콜라겐,,,,,,,확정,Y,,,반복 2회 / 제목형태 2종 / 신뢰도 보통
[특집] 사임당 찰떡 6종세트(100개),사임당 떡,사임당,떡류,떡,,,,,,,confirmed,Y,create_new,2026-08-25T17:12:56+09:00,
사조 숙성 훈제오리 180g x 10팩+3팩 / 총13팩,사조 나주배로 숙성한 훈제오리,사조,햄,오리,,,,,,,confirmed,Y,update_product,2026-08-24T17:18:06+09:00,2026-08-24 신규 자동등록 · 대시보드에서 확정/병합/제외 필요
산지애 아삭아삭 햇복숭아,산지애 아삭아삭 햇복숭아,산지애,과일,복숭아,,,,,,,confirmed,Y,update_product,2026-08-25T16:56:30+09:00,반복 3회 / 제목형태 1종 / 신뢰도 높음
삼원가든 얼큰 육개장 350g*13팩 | 원산지 : 상품정보 참조,삼원가든 얼큰 육개장,삼원가든,식육추출가공품,육개장,,,,,,,confirmed,Y,create_new,2026-08-25T14:36:09+09:00,
삼육두유 검은콩 볶은귀리 흑임자두유,삼육두유 검은콩 볶은귀리 흑임자두유,삼육두유,두유,콩,,,,,,,확정,Y,,,반복 2회 / 제목형태 1종 / 신뢰도 보통
검은콩과볶은귀리48팩+검은콩호두아몬드32팩+검은콩흑임자32팩,삼육두유 검은콩과 볶은 귀리 두유,삼육두유,가공두유,두유,,,,,,,confirmed,Y,create_new,2026-08-25T14:32:41+09:00,
[삼육두유] 검은콩볶은귀리 30팩 + 검은콩과칼슘 30팩 (총60팩),삼육두유 검은콩과 볶은 귀리 두유,삼육두유,가공두유,두유,,,,,,,confirmed,Y,link_existing,2026-08-25T15:39:03+09:00,
저당 강원도 강냉이 5봉 + 방송에서만 저당 현미 뻥튀기 2봉 더,삼팔당땡 저당 강원도 강냉이,삼팔당땡,과자,강냉이,,,,,,,confirmed,Y,update_product,2026-08-25T16:41:01+09:00,2026-08-26 신규 자동등록 · 표준상품명 미확정 · 대시보드에서 기존상품 연결/신규확정/제외 필요
참기름의 정석 국산 참기름 세트 150ml X 4병,새싹 참기름의 정석 국산 참기름,새싹,참기름,참기름,,,,,,,confirmed,Y,update_product,2026-08-25T14:43:14+09:00,2026-08-25 신규 자동등록 · 표준상품명 미확정 · 대시보드에서 기존상품 연결/신규확정/제외 필요
서령 우담 육포 총 31봉(오리지널11봉+견과10봉+치즈10봉),서령 우담 육포,서령,식육함유가공품,육포,,,,,,,confirmed,Y,create_new,2026-08-25T11:12:56+09:00,
서해안 자연산 손질 대하,서해안 자연산 손질 대하,,수산물,수산물,,,,,,,확정,Y,,,반복 5회 / 제목형태 1종 / 신뢰도 높음
설아래 문경 오미자차 90mlx14포x4박스,설아래 오미자,설아래,액상차,오미자,,,,,,,confirmed,Y,update_product,2026-08-25T16:57:46+09:00,반복 2회 / 제목형태 1종 / 신뢰도 보통
섬마을 곱창김,섬마을 곱창김,섬마을,조미김,김,,,,,,,confirmed,Y,create_new,2026-08-25T11:54:25+09:00,
센비타 당근주스,센비타 당근주스100,센비타,과채주스,당근,,,,,,,confirmed,Y,update_product,2026-08-24T17:19:24+09:00,반복 2회 / 제목형태 1종 / 신뢰도 보통
프로틴 고소한맛 304gx5캔 보틀1개,셀렉스 프로틴,셀렉스,건강기능식품,단백질,,,,,,,confirmed,Y,update_product,2026-08-24T17:30:11+09:00,반복 2회 / 제목형태 1종 / 신뢰도 보통
[방송에서만]소백산 사양벌꿀 (아카시아향+야생화향) 각 2.4kg,소백산 사양벌꿀,소백산 사양벌꿀,사양벌꿀,꿀,,,,,,,confirmed,Y,create_new,2026-08-25T11:37:04+09:00,
송훈셰프의 시그니처 한우꼬리곰탕 700g × 6+1팩 / 총 7팩 4.9kg,송훈 셰프의 시그니처 한우 꼬리곰탕,송훈,식육추출가공품,곰탕,,,,,,,confirmed,Y,create_new,2026-08-25T15:21:08+09:00,
[신덕재명인] 도토리묵 만들기 세트 (묵가루9+3팩),신덕재 한돌 국산 도토리묵가루 전분,한돌,전분가공품,도토리묵,,,,,,,confirmed,Y,create_new,2026-08-25T17:51:16+09:00,
다이어트환1,신정애 싹빼 다이어트 환,신정애,건강기능식품,"차전자피식이섬유, 가르시니아",,,,,,,confirmed,Y,create_new,2026-08-25T16:28:18+09:00,
신화당우리현미전병,신화당 우리현미전병,신화당,과자,전병,,,,,,,confirmed,Y,create_new,2026-08-25T16:35:46+09:00,
실속햇멸치1,실속햇멸치1,,,,,,,,,,확인필요,N,,,2026-08-21 신규 자동등록 · 대시보드에서 확정/병합/제외 필요
안국 루테인,안국 루테인,안국,건강식품/눈건강,루테인/카로티노이드,,,,,,,확정,Y,,,반복 2회 / 제목형태 1종 / 신뢰도 보통
안국약품 토비콤 루테인 지아잔틴 12개월분,안국약품 토비콤 루테인 지아잔틴,안국약품,건강기능식품,루테인,,,,,,,confirmed,Y,link_existing,2026-08-25T17:25:43+09:00,
안국약품 토비콤 루테인지아잔틴 플러스 6+6,안국약품 토비콤 루테인 지아잔틴 +,안국약품,건강기능식품,루테인,,,,,,,confirmed,Y,create_new,2026-08-25T13:27:25+09:00,
안국약품_루테인지아잔틴,안국약품 토비콤 루테인 지아잔틴,안국약품,건강기능식품,루테인,,,,,,,confirmed,Y,update_product,2026-08-25T11:50:34+09:00,
안국아스타잔틴,안국약품 토비콤 루테인 지아잔틴 아스타잔틴,안국약품,건강기능식품,루테인,,,,,,,confirmed,Y,link_existing,2026-08-25T11:51:02+09:00,
안국약품_루테인아스타잔틴,안국약품 토비콤 루테인 지아잔틴 아스타잔틴,안국약품,건강기능식품,루테인,,,,,,,confirmed,Y,link_existing,2026-08-25T15:33:16+09:00,
☆토비콤 루테인지아잔틴 아스타잔틴 12개월분,안국약품 토비콤 루테인 지아잔틴 아스타잔틴,안국약품,건강기능식품,루테인,,,,,,,confirmed,Y,link_existing,2026-08-25T14:44:05+09:00,
손질 안동간고등어 대사이즈 100g * 28팩 | 원산지 : 상품정보 참조,안동맛자반 실속 안동간고등어,안동맛자반,기타수산물가공품,고등어,,,,,,,confirmed,Y,link_existing,2026-08-25T11:19:49+09:00,
안동간고등어 120g x 20팩,안동맛자반 실속 안동간고등어,안동맛자반,기타수산물가공품,고등어,,,,,,,confirmed,Y,update_product,2026-08-24T16:42:12+09:00,2026-08-25 신규 자동등록 · 표준상품명 미확정 · 대시보드에서 기존상품 연결/신규확정/제외 필요
26년 햇 아람빛 고춧가루1kg x 2,안면도농협 태양초 햇 고춧가루,안면도농협,고춧가루,고춧가루,,,,,,,confirmed,Y,update_product,2026-08-25T16:17:25+09:00,2026-08-26 신규 자동등록 · 표준상품명 미확정 · 대시보드에서 기존상품 연결/신규확정/제외 필요
고춧가루1,안면도농협 태양초 햇 고춧가루,안면도농협,고춧가루,고춧가루,,,,,,,confirmed,Y,link_existing,2026-08-25T16:46:03+09:00,
국내산 서해안 주꾸미 200g x 8팩,알찬푸드 국내산 주꾸미,알찬푸드,기타수산물가공품,주꾸미,,,,,,,confirmed,Y,create_new,2026-08-25T17:18:28+09:00,
홍로사과1,애플진 홍로 못난이사과,애플진,과일,사과,,,,,,,확정,Y,,,사용자 확인 · 2026-08-21 15:40 NS홈쇼핑 샵플러스 · 과일드림 주식회사 운영 상품
국내산촉촉오징어,어부예찬 굽지않고 먹는 The 촉촉오징어,어부에찬,기타수산물가공품,오징어,,,,,,,confirmed,Y,create_new,2026-08-25T14:11:54+09:00,
에버콜라겐 레티놀A GPH콜라겐,에버콜라겐 레티놀A GPH콜라겐,,건강식품/콜라겐,콜라겐,,,,,,,확정,Y,,,반복 4회 / 제목형태 2종 / 신뢰도 높음
[18개월+30포] NEW 에버콜라겐 타임레티놀A 18개월 + 30포,에버콜라겐 타임 레티놀A,에버콜라겐,건강기능식품,콜라겐,,,,,,,confirmed,Y,link_existing,2026-08-25T18:02:23+09:00,
(방송중+날개없는선풍기+미니2병)에버콜라겐 레티놀 A(총 80주분),에버콜라겐 타임 레티놀A,에버콜라겐,건강기능식품,콜라겐,,,,,,,confirmed,Y,link_existing,2026-08-25T13:25:54+09:00,
에버콜라겐 레티놀A 19병 (76주분),에버콜라겐 타임 레티놀A,에버콜라겐,건강기능식품,콜라겐,,,,,,,confirmed,Y,link_existing,2026-08-25T15:17:00+09:00,
에버콜라겐타임레티놀A,에버콜라겐 타임 레티놀A,에버콜라겐,건강기능식품,콜라겐,,,,,,,confirmed,Y,link_existing,2026-08-25T15:11:00+09:00,
히트상품 앵콜방송1부,에버콜라겐 타임 레티놀A,에버콜라겐,건강기능식품,콜라겐,,,,,,,confirmed,Y,link_existing,2026-08-25T15:13:39+09:00,
에버콜라겐랩 100% 동결건조 콜라겐 앰플 1박스,에버콜라겐랩리얼콜라겐100부스터샷앰플,,,,,,,,,,exclude,N,exclude_alias,2026-08-25T13:21:20+09:00,
여수돌산갓김치 6kg (2kg+2kg+2kg),여수돌산갓영농조합 돌산갓김치,여수돌산갓영농조합,김치,김치,,,,,,,confirmed,Y,create_new,2026-08-25T15:30:56+09:00,
[국민영양] 여에스더 PS 포스파티딜세린 10박스(20주분) + 카무트효소1박스,여에스더 국민영양프로젝트 포스파티딜세린,여에스더,건강기능식품,포스파티딜세린,,,,,,,confirmed,Y,create_new,2026-08-25T13:13:22+09:00,
[국민영양프로젝트] 여에스더 포스파티딜세린 10박스(5개월분)+블루베리 퓨레,여에스더 국민영양프로젝트 포스파티딜세린,여에스더,건강기능식품,포스파티딜세린,,,,,,,confirmed,Y,link_existing,2026-08-25T15:43:57+09:00,
[국민영양프로젝트] 여에스더 포스파티딜세린 10박스(5개월분)+블루베리퓨레,여에스더 국민영양프로젝트 포스파티딜세린,여에스더,건강기능식품,포스파티딜세린,,,,,,,confirmed,Y,link_existing,2026-08-25T16:09:34+09:00,
[에스더포뮬러] 여에스더 포스파티딜세린 5개월분+유기농 그린 컬리케일 1박스,여에스더 국민영양프로젝트 포스파티딜세린,여에스더,건강기능식품,포스파티딜세린,,,,,,,confirmed,Y,link_existing,2026-08-25T17:36:15+09:00,
[국민영양] 여에스더 포스파티딜세린 5개월분 ( 430mg x 30캡슐 x 10박스) + 카무트 1박스,여에스더 국민영양프로젝트 포스파티딜세린,여에스더,건강기능식품,포스파티딜세린,,,,,,,confirmed,Y,link_existing,2026-08-25T14:12:11+09:00,
여에스더 리포좀 NMN 울트라X,여에스더 리포좀 NMN 울트라X,여에스더,건강식품/NMN,NMN,,,,,,,확정,Y,,,반복 2회 / 제목형태 1종 / 신뢰도 보통
여에스더 리포좀 NMN 파이토에스 울트라 X 12+4박스(16개월),여에스더 리포좀 NMN 파이토에스 울트라 X,여에스더,기타가공품,NMN,,,,,,,confirmed,Y,create_new,2026-08-25T15:45:35+09:00,
[특집구성]리포좀 글루타치온 다이렉트 12X 알파 네트워크 18박스+냉온장고,여에스더 리포좀 글루타치온 다이렉트 12X 알파 네트워크,여에스더,건강기능식품,글루타치온,,,,,,,confirmed,Y,link_existing,2026-08-25T15:47:05+09:00,
(2026 최신리뉴얼) 여에스더 리포좀 글루타치온 12X 12박스 + 3X 1박스,여에스더 리포좀 글루타치온 다이렉트 12X 알파 네트워크,여에스더,건강기능식품,글루타치온,,,,,,,confirmed,Y,link_existing,2026-08-25T15:37:27+09:00,
여에스더 리포좀 글루타치온 다이렉트 12X 알파 네트워크,여에스더 리포좀 글루타치온 다이렉트 12X 알파 네트워크,여에스더,건강기능식품,글루타치온,,,,,,,confirmed,Y,update_product,2026-08-25T15:00:04+09:00,반복 2회 / 제목형태 1종 / 신뢰도 보통
여에스더_글루타치온,여에스더 리포좀 글루타치온 다이렉트 12X 알파 네트워크,여에스더,건강기능식품,글루타치온,,,,,,,confirmed,Y,link_existing,2026-08-25T15:46:50+09:00,
[국민영양프로젝트] 여에스더 장용성 파비플로라 다이어트 10박스(20주분),여에스더 장용성 파비플로라 다이어트,여에스더,건강기능식품,파비플로라,,,,,,,confirmed,Y,create_new,2026-08-25T17:15:45+09:00,
여에스더 포스파티딜세린 블루베리퓨레,여에스더 포스파티딜세린 블루베리퓨레,여에스더,건강식품/두뇌·인지,포스파티딜세린,,,,,,,확정,Y,,,반복 3회 / 제목형태 2종 / 신뢰도 높음
여에스더 포스파티딜세린 유기농 그린 컬리케일,여에스더 포스파티딜세린 유기농 그린 컬리케일,여에스더,건강식품/두뇌·인지,포스파티딜세린,,,,,,,확정,Y,,,반복 2회 / 제목형태 1종 / 신뢰도 보통
장용성 파비플로라 PRO 12박스,영라뉴 장용성 파비플로라 PRO,영라뉴,건강기능식품,파비플로라,,,,,,,confirmed,Y,create_new,2026-08-25T15:29:46+09:00,
예미정 직화 떡갈비,예미정 직화 떡갈비,,,,,,,,,,확인필요,N,,,2026-08-22 신규 자동등록 · 대시보드에서 확정/병합/제외 필요
[잇몸유산균CMU] 오라틱스 8박스+방송에서만 4박스 더,오라틱스 잇몸유산균 오라틱스,오라틱스,건강기능식품,CMU 프로바이오틱스,,,,,,,confirmed,Y,create_new,2026-08-25T12:02:12+09:00,
오분도미버섯밥,오분도미버섯밥,,,,,,,,,,확인필요,N,,,2026-08-24 신규 자동등록 · 대시보드에서 확정/병합/제외 필요
[LIVE] 스페셜 견과 루비에디션 4+1박스 (100봉),오하루 자연가득 스페셜 견과 루비에디션,오하루,땅콩또는견과류가공품,견과류,,,,,,,confirmed,Y,create_new,2026-08-25T18:09:46+09:00,
프리미엄 메이플견과 4+1박스(100봉),오하루 자연가득 프리미엄 메이플견과,오하루,견과류가공품,견과류,,,,,,,confirmed,Y,create_new,2026-08-25T16:01:23+09:00,
오한진알부민,오한진 프리미엄 오한진의 백세알부민,오한진,혼합음료,알부민,,,,,,,confirmed,Y,update_product,2026-08-24T17:20:24+09:00,사용자 확인: 실제 제품명은 '오한진 알부민'
오한진백세알부민,오한진백세알부민,,,,,,,,,,확인필요,N,,,2026-08-22 신규 자동등록 · 대시보드에서 확정/병합/제외 필요
[김권태농부김치] 별미김치 갓김치 2kg + 파김치 1kg,옥과맛있는김치 김권태농부김치,옥과맛있는김치,김치,김치,,,,,,,confirmed,Y,create_new,2026-08-25T17:56:17+09:00,
(TV)온작이영자의 파김치3kg,온작 파김치,온작,김치,김치,,,,,,,confirmed,Y,create_new,2026-08-25T15:59:16+09:00,
백명란1,온정담 알찬 백명란,온정담,양념젓갈,명란,,,,,,,confirmed,Y,create_new,2026-08-25T14:23:18+09:00,
올리브3 지중해 엑스트라버진 올리브오일 캡슐,올리브3 지중해 엑스트라버진 올리브오일 캡슐,올리브3,건강식품/오일,올리브오일,,,,,,,확정,Y,,,반복 5회 / 제목형태 1종 / 신뢰도 높음
올바른 파로 효소 골드 5박스 (총 5개월분 150포),올바른 파로 골드 효소,올바른,효소식품,파로,,,,,,,confirmed,Y,create_new,2026-08-25T15:23:02+09:00,
유기농 애사비,올타 유기농 리얼 당당 애사비,올타,발효식초,애사비,,,,,,,confirmed,Y,create_new,2026-08-25T11:46:38+09:00,
완도활전복,완도활전복,,수산물,수산물,,,,,,,확정,Y,,,반복 2회 / 제목형태 1종 / 신뢰도 보통
"[원산지: 국내산 맥문동] 왕의 맥문동 진액 골드 (70ml×30포)×8박스, 총 240포",왕의 맥문동 진액 골드,왕의맥문동,액상차,맥문동,,,,,,,confirmed,Y,create_new,2026-08-25T13:18:19+09:00,
요리한포 150포,요리한포 150포,,,,,,,,,,확인필요,N,,,2026-08-24 신규 자동등록 · 대시보드에서 확정/병합/제외 필요
*워커힐 고메 노엣지 피자 4종 총 17팩 (고르곤졸라 5+ 불고기 5+ 콤비네이션4 + 페퍼로니 3) | 원산지 : 상품정보 참조,워커힐 고메 피자,워커힐,빵류,피자,,,,,,,confirmed,Y,create_new,2026-08-25T15:57:46+09:00,
바삭한 속초먹태 4종*3봉 (총12봉),웰코아 바삭한 속초 먹태,웰코아,조미건어포,먹태,,,,,,,confirmed,Y,create_new,2026-08-25T17:17:09+09:00,
닥터파이토 덴티백 PRO 구강유산균 M18,위랩 닥터파이토 덴티백 PRO,닥터파이토,캔디류,유산균,,,,,,,confirmed,Y,update_product,2026-08-25T14:56:39+09:00,반복 2회 / 제목형태 2종 / 신뢰도 보통
[닥터파이토] 덴티백 PRO 구강유산균 M18 14박스,위랩 닥터파이토 덴티백 PRO,닥터파이토,캔디류,유산균,,,,,,,confirmed,Y,link_existing,2026-08-25T15:48:57+09:00,
닥터파이토파이토블락,위랩 파이토블락 코엔삼백초,닥터파이토,건강기능식품,삼백초추출물,,,,,,,confirmed,Y,create_new,2026-08-25T15:49:48+09:00,
두뇌엔닥터PS,위바이옴 두뇌엔 닥터PS,위바이옴,건강기능식품,포스파티딜세린,,,,,,,confirmed,Y,update_product,2026-08-24T17:12:59+09:00,표준명 통합: 두뇌엔 닥터PS | 반복 3회 / 제목형태 1종 / 신뢰도 높음
위바이옴 두뇌엔 닥터 PS 맥스,위바이옴 두뇌엔 닥터PS,위바이옴,건강기능식품,포스파티딜세린,,,,,,,confirmed,Y,update_product,2026-08-24T17:12:59+09:00,표준명 통합: 두뇌엔 닥터PS | 반복 2회 / 제목형태 2종 / 신뢰도 보통
유기농 레몬즙 20+10박스 | 원산지 : 상품정보 참조,유기농 레몬즙 20+10박스 | 원산지 : 상품정보 참조,,,,,,,,,,확인필요,N,,,2026-08-23 신규 자동등록 · 대시보드에서 확정/병합/제외 필요
유기농 레몬즙 레자몽즙,유기농 레몬즙 레자몽즙,,과채주스,레몬,,,,,,,확정,Y,,,반복 2회 / 제목형태 1종 / 신뢰도 보통
편해보리 보리차진액 400g 3병+물병,유유네이처 편해보리,유유네이처,액상차,보리,,,,,,,confirmed,Y,update_product,2026-08-25T14:45:10+09:00,2026-08-26 신규 자동등록 · 표준상품명 미확정 · 대시보드에서 기존상품 연결/신규확정/제외 필요
유정임김치1,유정임 프리미엄 포기김치,유정임,김치,김치,,,,,,,confirmed,Y,create_new,2026-08-25T14:00:50+09:00,
유한양행 당큐락 9개월분,유한양행 마이크로바이옴 프로바이오틱스 당큐락,와이즈바이옴,건강기능식품,HAC01 프로바이오틱스,,,,,,,confirmed,Y,update_product,2026-08-24T16:45:15+09:00,2026-08-26 신규 자동등록 · 표준상품명 미확정 · 대시보드에서 기존상품 연결/신규확정/제외 필요
[유한양행]혈당유산균 HAC01 와이즈바이옴 당큐락 9개월,유한양행 마이크로바이옴 프로바이오틱스 당큐락,와이즈바이옴,건강기능식품,HAC01 프로바이오틱스,,,,,,,confirmed,Y,link_existing,2026-08-25T17:31:27+09:00,
윤방부 박사의 넘버원 PS,윤방부박사의 넘버원 PS,윤방부,건강기능식품,포스파티딜세린,,,,,,,confirmed,Y,update_product,2026-08-24T17:21:17+09:00,반복 2회 / 제목형태 1종 / 신뢰도 보통
이경제 흑염소 진액 眞 ×,이경제 흑염소 진액 진,이경제,식육추출가공품,흑염소,,,,,,,confirmed,Y,update_product,2026-08-24T17:22:13+09:00,표준명 통합: 이경제 흑염소 진액 진 | 반복 2회 / 제목형태 1종 / 신뢰도 보통
[방송중+1박스 /더블] 이경제 흑염소진액 진眞 8박스+1박스 (총 9박스/270포),이경제 흑염소 진액 진,이경제,식육추출가공품,흑염소,,,,,,,confirmed,Y,link_existing,2026-08-25T17:28:01+09:00,
이경제흑염소진액,이경제 흑염소 진액 진,이경제,식육추출가공품,흑염소,,,,,,,confirmed,Y,link_existing,2026-08-25T14:22:23+09:00,
이경제흑염소진액1,이경제 흑염소 진액 진,이경제,식육추출가공품,흑염소,,,,,,,confirmed,Y,link_existing,2026-08-26T10:43:47+09:00,
[방송에서만] 최신상 이경제 흑염소진액 眞 8박스+1박스 (총 270포),이경제 흑염소 진액 진,이경제,식육추출가공품,흑염소,,,,,,,confirmed,Y,link_existing,2026-08-25T17:31:03+09:00,
이든밥상 돈워리 명품LA갈비 500g 4팩,이든밥상 돈워리LA양념꽃갈비,이든밥상,양념육,갈비,,,,,,,confirmed,Y,create_new,2026-08-25T15:38:19+09:00,
"이로운떡 5종세트(40봉,120개)_서리태콩떡,호박인절미,쑥앙금절편,동부모시떡,동부비트떡",이로운떡,이로운떡,떡류,떡,,,,,,,confirmed,Y,create_new,2026-08-25T11:35:36+09:00,
[+2박스+적립금1만원+캐리어100명] 황성주 생식 라이프 밀 6+2박스+쉐이커2,이롬 황성주 박사의 1일 1생식 라이프밀,이롬,생식함유제품,생식,,,,,,,confirmed,Y,create_new,2026-08-25T14:15:36+09:00,
[이롬] ♡[방송에서만 10+2박스]황성주 박사의 닥터샐러드  10박스+푸룬 식이섬유 젤리 2박스,이롬 황성주박사의 Dr. 샐러드,이롬,생식함유제품,생식,,,,,,,confirmed,Y,create_new,2026-08-25T17:57:06+09:00,
이시형마그네슘,이시형 박사의 인생 마그네슘 영양제,이시형,건강기능식품,마그네슘,,,,,,,confirmed,Y,update_product,2026-08-24T17:23:38+09:00,표준명 통합: 이시형 박사의 인생 마그네슘 | 반복 4회 / 제목형태 1종 / 신뢰도 높음
[방송에서만] 갱년기 여성건강 이알하나 ERr731 10+2박스 | 원산지 : 상품정보 참조,이알하나 ERr731,이알하나,건강기능식품,ERr731,,,,,,,confirmed,Y,create_new,2026-08-25T11:58:38+09:00,
이알하나 면역 LF300,이알하나 면역,이알하나,건강기능식품,락토페린,,,,,,,confirmed,Y,update_product,2026-08-25T15:02:21+09:00,반복 6회 / 제목형태 2종 / 신뢰도 높음
디마떼오 피자 4종/20팩,이원승 디마떼오 피자,이원승,빵류,피자,,,,,,,confirmed,Y,update_product,2026-08-24T17:14:47+09:00,2026-08-21 신규 자동등록 · 대시보드에서 확정/병합/제외 필요
이재훈셰프 구이세트 8팩,이재훈 1++한우구이,이재훈,양념육,소고기,,,,,,,confirmed,Y,update_product,2026-08-25T16:38:32+09:00,2026-08-24 신규 자동등록 · 표준상품명 미확정 · 대시보드에서 기존상품 연결/신규확정/제외 필요
[1++ 한우] 이재훈셰프 스테이크 7+1팩(팩당 150g),이재훈셰프 한우 1++ 스테이크,이재훈,양념육,소고기,,,,,,,confirmed,Y,create_new,2026-08-25T14:10:26+09:00,
요리연구가 이종임의 아삭한 포기김치 10kg,이종임의 포기김치,이종임,김치,김치,,,,,,,confirmed,Y,create_new,2026-08-25T16:07:52+09:00,
이종임 포기김치 10kg | 원산지 : 상품정보 참조,이종임의 포기김치,이종임,김치,김치,,,,,,,confirmed,Y,link_existing,2026-08-25T17:51:34+09:00,
한식요리명인 이효진의 뼈없는 감자탕 450g*10팩,이효진의 뼈없는 감자탕,이효진,즉석조리식품,감자탕,,,,,,,confirmed,Y,create_new,2026-08-25T14:27:27+09:00,
인산가 죽염담은 녹두삼계탕 1.2kg*7팩 + 인산가 4회 구운 죽염 150g*1통,인산가 죽염담은 녹두삼계탕,인산가,식육추출가공품,삼게탕,,,,,,,confirmed,Y,create_new,2026-08-25T16:02:14+09:00,
골드 카무트 효소 파로 복부마사지기,인테로 골드 카무트 브랜드밀 함유 효소 프리미엄,인테로,효소식품,카무트,,,,,,,confirmed,Y,create_new,2026-08-25T16:47:35+09:00,
[대구 유명 맛집] 일월정 흑마늘 독계탕 6팩+독계죽 1팩,일월정 흑마늘 독계탕,일월정,식육추출가공품,삼계탕,,,,,,,confirmed,Y,create_new,2026-08-25T17:19:22+09:00,
임성근삼계탕1,임성근 진 삼계탕,임성근,식육추출가공품,삼계탕,,,,,,,confirmed,Y,create_new,2026-08-25T16:05:45+09:00,
임성근_뼈없는갈비탕,임성근 키로갈비탕,임성근,식육추출가공품,갈비탕,,,,,,,confirmed,Y,link_existing,2026-08-25T14:26:27+09:00,
임성근갈비탕,임성근 키로갈비탕,임성근,식육추출가공품,갈비탕,,,,,,,confirmed,Y,update_product,2026-08-24T17:25:10+09:00,사용자 확인: 실제 제품명 그대로 사용
임성근의 특키로 갈비탕 1kg x 12팩,임성근 키로갈비탕,임성근,식육추출가공품,갈비탕,,,,,,,confirmed,Y,link_existing,2026-08-25T14:38:43+09:00,
임성근키로도가니탕,임성근 키로도가니탕,임성근,식육추출가공품,도가니탕,,,,,,,confirmed,Y,create_new,2026-08-25T14:39:45+09:00,
(방송에서만 3팩 더) 조리기능장 임성근의 특 소곱창전골 800g x 11팩,임성근 특 소곱창전골,임성근,식육추출가공품,곱창,,,,,,,confirmed,Y,create_new,2026-08-25T17:58:56+09:00,
임성근한우갈비살구이,임성근의 한우 갈비살구이,임성근,양념육,갈비,,,,,,,confirmed,Y,create_new,2026-08-25T15:56:00+09:00,
잇몸유산균CMU 오라틱스,잇몸유산균CMU 오라틱스,,유산균,유산균,,,,,,,확정,Y,,,반복 2회 / 제목형태 2종 / 신뢰도 보통
[방송에서만 이가격]자담치킨 맵쏘이킥 윙봉치킨 총10팩,자담치킨 맵쏘이킥 윙치킨,자담치킨,양념육,닭고기,,,,,,,confirmed,Y,create_new,2026-08-25T18:06:20+09:00,
[1500만포판매돌파] 한포로 요리 끝! 자연한포 160포 ★자연한알이 분말로!★,자연한알 자연한포,자연한알,복합조미식품,코인육수,,,,,,,confirmed,Y,create_new,2026-08-25T13:59:11+09:00,
26년 햇 자연향 아삭이 복숭아 6kg,자연향 아삭이 복숭아,자연향,과일,복숭아,,,,,,,confirmed,Y,create_new,2026-08-25T16:11:54+09:00,
26년 햇 자연향 경북 아오리 사과(정과) 4.5kg,자연향 햇 아오리사과,자연향,과일,아오리사과,,,,,,,confirmed,Y,create_new,2026-08-25T17:49:30+09:00,
전진주의 주부식탁 참 배추김치 6kg | 원산지 : 상품정보 참조,전진주 주부식탁 참 배추김치,전진주,김치,김치,,,,,,,confirmed,Y,create_new,2026-08-25T15:18:05+09:00,
[최다구성] 전철우 고향랭면 12인분 + 제주흑돼지 편육 7팩,전철우 고향랭면,전철우,숙면,냉면,,,,,,,confirmed,Y,link_existing,2026-08-25T15:54:58+09:00,
히트상품 앵콜방송3부,전철우 고향랭면,전철우,숙면,냉면,,,,,,,confirmed,Y,link_existing,2026-08-25T15:10:28+09:00,
정관장홍삼활력플러스,정관장 홍삼활력플러스,정관장,건강식품/홍삼,홍삼,,,,,,,확정,Y,,,표준명 통합: 정관장 홍삼활력플러스 | 반복 2회 / 제목형태 1종 / 신뢰도 보통
정관장홍삼진고1,정관장홍삼진고1,,,,,,,,,,확인필요,N,,,2026-08-24 신규 자동등록 · 대시보드에서 확정/병합/제외 필요
정성가득ABC주스,정성가득 ABC주스,정성가득,과채주스,ABC주스,,,,,,,confirmed,Y,create_new,2026-08-25T15:36:01+09:00,
정성곳간 뼈없는 갈비탕 800gx10팩,정성곳간 뼈없는 갈비탕 800gx10팩,,탕/간편식,소고기,,,,,,,확정,Y,,,반복 2회 / 제목형태 1종 / 신뢰도 보통
[핫딜] 베지밀 검은콩 고칼슘 두유 190ml x 48팩,정식품 베지밀 검은콩 고칼슘 두유,베지밀,가공두유,두유,,,,,,,confirmed,Y,create_new,2026-08-25T17:27:46+09:00,
통오리세트1,정호영 1등급 무항생제 오리로스,정호영,포장육,오리,,,,,,,confirmed,Y,create_new,2026-08-25T15:24:53+09:00,
(방송에서만 3통 더) 정호영셰프의 맛좋은 백명란 400g x 5통 + 비빔용 백명란 100g x 3통,정호영 셰프의 맛좋은 비빔용 백명란,정호영,양념젓갈,명란,,,,,,,confirmed,Y,create_new,2026-08-25T14:08:31+09:00,
정호영셰프의 신선담은 손질왕낙지 170g x 11팩 + 비법담은 볶음소스 50g x 11팩 | 원산지 : 상품정보 참조,정호영 셰프의 신선담은 손질 왕 낙지,정호영,기타수산물가공품,낙지,,,,,,,confirmed,Y,create_new,2026-08-25T14:41:02+09:00,
"[제스프리] 제스프리 골드키위 자이언트 사이즈 총 3.2kg (21입, 개당 150g 내외)",제스프리 골드키위,제스프리,과일,키위,,,,,,,confirmed,Y,create_new,2026-08-25T15:59:57+09:00,
제주 은갈치 특대 20토막,제주 은갈치 특대 20토막,,수산물,수산물,,,,,,,확정,Y,,,반복 2회 / 제목형태 1종 / 신뢰도 보통
제주산 당찬여주 분말17통+스푼5개_R,제주산 당찬 여주분말,당찬여주,기타가공품,여주,,,,,,,confirmed,Y,create_new,2026-08-25T14:42:07+09:00,
제주산 당찬여주 발효효소,제주산 당찬여주 발효효소,당찬여주,효소제품,여주,,,,,,,confirmed,Y,update_product,2026-08-24T17:26:05+09:00,반복 2회 / 제목형태 2종 / 신뢰도 보통
제주 은갈치 특대사이즈 300g*6마리분량(총 24토막),제주에스에프 제주특대은갈치,제주에스에프,기타수산물가공품,은갈치,,,,,,,confirmed,Y,link_existing,2026-08-25T15:53:35+09:00,
조리기능장 의 특 키로갈비탕 1kg x 8+4팩,조리기능장 의 특 키로갈비탕 1kg x 8+4팩,,,,,,,,,,확인필요,N,,,2026-08-23 신규 자동등록 · 대시보드에서 확정/병합/제외 필요
조리기능장 임성근의 특키로 도가니탕 1kg x12팩,조리기능장 임성근의 특키로 도가니탕 1kg x12팩,,,,,,,,,,확인필요,N,,,2026-08-22 신규 자동등록 · 대시보드에서 확정/병합/제외 필요
) 조선호텔 양념 LA갈비 X,조선호텔 양념 LA갈비,조선호텔,육류/갈비,소고기,,,,,,,확정,Y,,,표준명 통합: 조선호텔 양념 LA갈비 | 반복 3회 / 제목형태 1종 / 신뢰도 높음
조선호텔 양념 LA갈비 400g X 8팩,조선호텔 양념LA本갈비,조선호텔,양념육,갈비,,,,,,,confirmed,Y,create_new,2026-08-25T14:24:28+09:00,
[방송에서만] 조선호텔 진한 한우도가니탕 1kg X 5팩(총 15인분),조선호텔 진한 한우 도가니탕,조선호텔,식육추출가공품,도가니탕,,,,,,,confirmed,Y,create_new,2026-08-25T18:12:27+09:00,
조선호텔 포기김치 5kg+열무얼갈이김치 2kg,조선호텔 포기김치,조선호텔,김치,김치,,,,,,,confirmed,Y,create_new,2026-08-25T14:07:23+09:00,
"종가 아삭한포기김치4.4kg+열무김치1.5kg+총각김치1.4kg, 총 7.3kg",종가 아삭한 포기김치,종가,김치,김치,,,,,,,confirmed,Y,create_new,2026-08-25T17:59:27+09:00,
종가 중부식 포기김치 10.4kg,종가 중부식 포기김치,종가,김치,김치,,,,,,,confirmed,Y,update_product,2026-08-24T16:46:45+09:00,2026-08-25 신규 자동등록 · 표준상품명 미확정 · 대시보드에서 기존상품 연결/신규확정/제외 필요
(방송에서만 6개월분 더)관절연골 뮤코다당단백 콘드로이친 활력 12개월분 (4박스) | 원산지 : 상품정보 참조,종근당건강 관절연골 뮤코다당단백 콘드로이친 활력,종근당건강,건강기능식품,뮤코다당,,,,,,,confirmed,Y,create_new,2026-08-25T18:10:36+09:00,
종근당건강 당케어프로,종근당건강 당케어프로,종근당건강,건강식품/혈당관리,,,,,,,,확정,Y,,,반복 2회 / 제목형태 1종 / 신뢰도 보통
"[종근당건강동행] 락토핏 생유산균 코어맥스 총 480포(180포X2통+30포X4박스, 16개월분)+아보카도오일 2병",종근당건강 락토핏 코어맥스,종근당건강,건강기능식품,유산균,,,,,,,confirmed,Y,create_new,2026-08-25T13:34:39+09:00,
[종근당건강] ★전고객 선풍기★[16개월] 락토핏 코어맥스 (2g*180포)*2통+(2g*30포)*4박스+핸디형 무선 선풍기,종근당건강 락토핏 코어맥스,종근당건강,건강기능식품,유산균,,,,,,,confirmed,Y,link_existing,2026-08-25T16:07:12+09:00,
종근당건강 아이클리어 루테인,종근당건강 아이클리어 루테인지아잔틴 아스타잔틴 미니,종근당건강,건강기능식품,루테인,,,,,,,confirmed,Y,update_product,2026-08-25T15:03:38+09:00,반복 3회 / 제목형태 1종 / 신뢰도 높음
[이번달 중 단하루] 종근당건강 프로메가 알티지비타민D 20개월분,종근당건강 프로메가 알티지 오메가3 비타민D,종근당건강,건강기능식품,오메가3,,,,,,,confirmed,Y,create_new,2026-08-25T15:16:36+09:00,
종근당건강 헬씨칸 밀크씨슬 로얄 10개월분 + 2개월분 더!,종근당건강 헬씨칸 밀크씨슬 로얄,종근당건강,건강기능식품,밀크씨슬,,,,,,,confirmed,Y,create_new,2026-08-25T11:44:38+09:00,
관절엔 콘드로이친,주영엔에스 관절엔 콘드로이친,주영엔에스,건강기능식품,콘드로이친,,,,,,,confirmed,Y,update_product,2026-08-24T17:02:04+09:00,반복 2회 / 제목형태 1종 / 신뢰도 보통
(방송에서만) ▲관절엔 콘드로이친1200▲ 12개월분 + 식물성 오메가3 2개월분 더! | 원산지 : 상품정보 참조,주영엔에스 관절엔 콘드로이친,주영엔에스,건강기능식품,콘드로이친,,,,,,,confirmed,Y,link_existing,2026-08-26T11:26:48+09:00,
[50%SALE]콘드로이친 1200 콘레이티+MBP 12개월분,주영엔에스 관절엔 콘드로이친,주영엔에스,건강기능식품,콘드로이친,,,,,,,confirmed,Y,link_existing,2026-08-25T16:50:22+09:00,
모발콜라겐 3270 6박스 24주분+오메가3 1박스,주영엔에스 모발 콜라겐3270,주영엔에스,건강기능식품,콜라겐,,,,,,,confirmed,Y,create_new,2026-08-25T14:34:05+09:00,
모발콜라겐3270,주영엔에스 모발 콜라겐3270,주영엔에스,건강기능식품,콜라겐,,,,,,,confirmed,Y,link_existing,2026-08-25T15:47:38+09:00,
주영엔에스 모발콜라겐 3270 24주분 + 식물성 오메가 600mg 1박스,주영엔에스 모발 콜라겐3270,주영엔에스,건강기능식품,콜라겐,,,,,,,confirmed,Y,link_existing,2026-08-25T16:42:46+09:00,
[방송에서만] 베르도르팜 NFC 착즙 하스카프베리 100 10+2박스(총168포),주영엔에스 베르도르팜 NFC착즙 하스카프베리 100,베르도르팜,과채주스,하스카프베리,,,,,,,confirmed,Y,link_existing,2026-08-25T17:41:19+09:00,
베르도르팜 NFC 착즙 하스카프베리 100 10박스(140포),주영엔에스 베르도르팜 NFC착즙 하스카프베리 100,베르도르팜,과채주스,하스카프베리,,,,,,,confirmed,Y,create_new,2026-08-25T15:26:46+09:00,
뼈엔 엠비피 MBP,주영엔에스 뼈엔 MBP,주영엔에스,건강기능식품,MBP,,,,,,,confirmed,Y,update_product,2026-08-25T16:55:29+09:00,표준명 통합: 뼈엔 MBP | 반복 2회 / 제목형태 1종 / 신뢰도 보통
뼈엔MBP,주영엔에스 뼈엔 MBP,주영엔에스,건강기능식품,MBP,,,,,,,confirmed,Y,update_product,2026-08-25T16:55:29+09:00,표준명 통합: 뼈엔 MBP | 반복 2회 / 제목형태 1종 / 신뢰도 보통
주원산 훈제오리 1,주원산오리 싸먹는 오리슬라이스,주원산오리,햄,오리,,,,,,,confirmed,Y,link_existing,2026-08-24T16:48:41+09:00,
금산인삼 특 스지도가니탕 800g x 14팩,지극진성 금산인삼 스지도가니탕,지극진성,식육추출가공품,도가니탕,,,,,,,confirmed,Y,update_product,2026-08-25T15:05:33+09:00,2026-08-22 신규 자동등록 · 표준상품명 미확정 · 대시보드에서 기존상품 연결/신규확정/제외 필요
지극진성 일천 뼈없는 갈비탕 1kg x12팩,지극진성 일천 뼈없는 갈비탕,지극진성,식육추출가공품,갈비탕,,,,,,,confirmed,Y,create_new,2026-08-25T16:43:28+09:00,
갈비탕1,지극진성 키로 뻐없는 갈비탕,지극진성,식육추출가공품,갈비탕,,,,,,,confirmed,Y,create_new,2026-08-25T17:05:43+09:00,
[SALE 포당 244원꼴] 유기농 레몬즙 순수100 16박스,지니트레저 유기농 레몬즙 순수100,지니트레저,과채주스,레몬,,,,,,,confirmed,Y,create_new,2026-08-25T15:32:27+09:00,
[50%세일] 프리미엄 대마종자유1000 12+2박스(14개월),지니트레저 프리미엄 대마종자유 1000,지니트레저,기타식용유지가공품,대마종자유,,,,,,,confirmed,Y,create_new,2026-08-25T11:56:41+09:00,
우무면 3종,지리산묵가 가벼운한끼 우무면,지리산묵가,묵류,한천,,,,,,,confirmed,Y,create_new,2026-08-25T15:37:00+09:00,
지리산처럼 짜먹는 생들기름 총60포 (5ml x 10포 x 6박스),지리산처럼 짜먹는 생들기름,지리산처럼,들기름,들기름,,,,,,,confirmed,Y,create_new,2026-08-25T17:33:38+09:00,
[유지인pick] 미녀의 콜라겐 양태반 360포 (2.5g x 30포 x 12Box)(직),지케이라이프 피리미엄 미녀의 콜라겐&양태반,지케이라이프,기타가공품,콜라겐,,,,,,,confirmed,Y,create_new,2026-08-25T13:23:14+09:00,
진선미김치,진선미 배추김치,진선미,김치,김치,,,,,,,confirmed,Y,create_new,2026-08-25T17:57:50+09:00,
[전고객소스1팩더] 착한낙지 세트 (손질낙지 10팩+ 양념 11팩),착한낙지,착한낙지,기타수산물가공품,낙지,,,,,,,confirmed,Y,create_new,2026-08-25T18:19:45+09:00,
[상담예약] 참좋은여행 북해도 4일 패키지,[상담예약] 참좋은여행 북해도 4일 패키지,,,,,,,,,,exclude,N,exclude_alias,2026-08-25T16:02:35+09:00,
26년 햇 청송 들사랑 청결 고춧가루 (500g*8봉) / 총 4kg,청송들사랑 청결 고춧가루,들사랑,고춧가루,고춧가루,,,,,,,confirmed,Y,create_new,2026-08-25T17:37:13+09:00,
[총 4.5kg] 2026년 햇 국내산 청결 고춧가루 4kg(500g 8팩) + 청양 고춧가루 500g 1팩,청아띠 빨갛게 빛나는 청결 고춧가루,청아띠,고춧가루,고춧가루,,,,,,,confirmed,Y,create_new,2026-08-25T14:26:04+09:00,
[2026년산 햇고추] 국내산 청결 햇 고춧가루 4kg(500g 8팩),청아띠 태양초 청결 햇 고춧가루,청아띠,고춧가루,고춧가루,,,,,,,confirmed,Y,create_new,2026-08-25T13:37:05+09:00,
"간이 딱! 손질 고등어 400g(2미1팩)×9팩, 총18미",청춘상회 간이딱 손질 고등어,청춘상회,기타수산물가공품,고등어,,,,,,,confirmed,Y,create_new,2026-08-25T14:16:53+09:00,
최현석 횡성축협한우 한돈한우 직화스테이크,최현석 횡성축협한우 한돈한우 직화스테이크,최현석,육류,소고기/육류,,,,,,,확정,Y,,,반복 2회 / 제목형태 1종 / 신뢰도 보통
최현석 닭다리살스테이크,최현석의 닭다리살 스테이크,최현석,양념육,닭,,,,,,,confirmed,Y,update_product,2026-08-24T17:27:30+09:00,반복 2회 / 제목형태 1종 / 신뢰도 보통
최현석 한돈한우 함박스테이크 2종 17팩,최현석의 한돈한우 함박스테이크,최현석,즉석조리식품,한박스테이크,,,,,,,confirmed,Y,update_product,2026-08-25T16:44:33+09:00,2026-08-27 신규 자동등록 · 표준상품명 미확정 · 대시보드에서 기존상품 연결/신규확정/제외 필요
(국내산 콩으로 만든) 콩세상 우렁된장찌개 10팩 올갱이해장국 10팩(총 20팩),콩순이네 우렁된장찌개,콩순이네,즉석조리식품,된장,,,,,,,confirmed,Y,create_new,2026-08-25T11:17:40+09:00,
태양초 청결 햇 고춧가루,태양초 청결 햇 고춧가루,,조미식품,고추,,,,,,,확정,Y,,,반복 4회 / 제목형태 1종 / 신뢰도 높음
팔레오 두뇌엔 포스파티딜세린 PS 10박스,팔레오 두뇌엔 포스파티딜세린 PS 10박스,,,,,,,,,,확인필요,N,,,2026-08-24 신규 자동등록 · 대시보드에서 확정/병합/제외 필요
제주고사리1,팜조아 제주 푸른고사리,팜조아,농산물,고사리,,,,,,,confirmed,Y,create_new,2026-08-25T16:42:24+09:00,
팽현숙의 옛날왕족발 세트 (순살족발5팩+ 미니족발2팩+  편육 2팩+ 새우젓 5팩),팽현숙의 옛날왕순살족발,팽현숙,양념육,족발,,,,,,,confirmed,Y,create_new,2026-08-25T16:11:00+09:00,
포미 이탈리아 토마토주스 200ml 2박스(48개),포미 토마토쥬스,포미,과채주스,토마토,,,,,,,confirmed,Y,create_new,2026-08-25T18:17:11+09:00,
[풀무원] New특등급! 살아있는 실의 힘 특등급 국산검정약콩나또 40팩,풀무원 살아있는 실의 힘 특등급 국산검정약콩 나또,풀무원,청국장,나또,,,,,,,confirmed,Y,create_new,2026-08-25T17:44:15+09:00,
프롬바이오 위건강엔매스틱,프롬바이오 위엔 매스틱,프롬바이오,건강기능식품,매스틱,,,,,,,confirmed,Y,update_product,2026-08-24T17:31:52+09:00,표준명 통합: 프롬바이오 매스틱 | 반복 2회 / 제목형태 1종 / 신뢰도 보통
●프롬바이오 위엔 매스틱 24주분,프롬바이오 위엔 매스틱,프롬바이오,건강기능식품,매스틱,,,,,,,confirmed,Y,link_existing,2026-08-25T16:45:02+09:00,
프롬바이오 위엔 매스틱 연질캡슐,프롬바이오 위엔 매스틱,프롬바이오,건강기능식품,매스틱,,,,,,,confirmed,Y,update_product,2026-08-24T17:31:52+09:00,표준명 통합: 프롬바이오 매스틱 | 반복 2회 / 제목형태 1종 / 신뢰도 보통
[방송에서만 한정구성]프롬바이오 위엔매스틱 6박스 24주분,프롬바이오 위엔 매스틱,프롬바이오,건강기능식품,매스틱,,,,,,,confirmed,Y,link_existing,2026-08-25T13:18:39+09:00,
[프리메로] 유기농 레몬즙 10박스(총 140포),프리메로 NFC 유기농 레몬즙 100%,프리메로,과채주스,레몬,,,,,,,confirmed,Y,create_new,2026-08-25T17:13:36+09:00,
프리메로 블루베리 리얼,프리메로 블루베리 리얼 100%,프리메로,과채주스,블루베리,,,,,,,confirmed,Y,update_product,2026-08-24T17:32:46+09:00,반복 3회 / 제목형태 3종 / 신뢰도 높음
70프로 세일 프리메로 NFC 유기농 레몬즙,프리메로 유기농 레몬즙,프리메로,과채주스,레몬,,,,,,,확정,Y,,,표준명 통합: 프리메로 유기농 레몬즙 | 반복 2회 / 제목형태 1종 / 신뢰도 보통
프리메로 유기농 토마토 NFC,프리메로 유기농 토마토 NFC,프리메로,과채주스,토마토,,,,,,,확정,Y,,,반복 4회 / 제목형태 4종 / 신뢰도 높음
우엉차 .,하늘농가 고화순명인 볶아서 구수한 우엉차,하늘농가,침출차,우엉,,,,,,,confirmed,Y,create_new,2026-08-25T16:37:00+09:00,
하루약콩 두유,하루약콩 두유,,두유,콩,,,,,,,확정,Y,,,반복 2회 / 제목형태 2종 / 신뢰도 보통
하루틴 손흥민 패키지 리포좀 미네랄&멀티 비타민 12개월,하루틴 리포좀 멀티비타민&미네랄 액티브,하루틴,멀티비타민&미네랄,비타민 미네랄,,,,,,,confirmed,Y,create_new,2026-08-25T11:38:32+09:00,
○ 하루틴 리포좀 비타민C 프로 12+3박스 + 비타C스틱 3박스,하루틴 리포좀 비타민C 프로Pro,하루틴,건강기능식품,비타민,,,,,,,confirmed,Y,link_existing,2026-08-25T14:46:05+09:00,
하루틴 리포좀 비타민C 프로 6박스,하루틴 리포좀 비타민C 프로Pro,하루틴,건강기능식품,비타민,,,,,,,confirmed,Y,create_new,2026-08-25T13:16:55+09:00,
하루틴 리포좀 비타민C 프로 손흥민 패키지 12+ 3개월분(총 15개월분)+비타민C 스틱 3박스,하루틴 리포좀 비타민C 프로Pro,하루틴,건강기능식품,비타민,,,,,,,confirmed,Y,link_existing,2026-08-25T17:49:54+09:00,
하루틴_비타민,하루틴 리포좀 비타민C 프로Pro,하루틴,건강기능식품,비타민,,,,,,,confirmed,Y,link_existing,2026-08-25T13:19:23+09:00,
하성벌꿀 1,하성벌꿀 1,,,,,,,,,,확인필요,N,,,2026-08-21 신규 자동등록 · 대시보드에서 확정/병합/제외 필요
[방송중+칼마]최신상! 하이뮨 프로틴밸런스 알파 12캔+칼슘마그네슘,하이뮨 프로틴 밸런스 알파,하이뮨,건강기능식품,단백질,,,,,,,confirmed,Y,create_new,2026-08-25T18:02:01+09:00,
[한돈 앞다리] 앞다리 순살 족발 8팩 + 별미 양념꼬리 2팩(총 10팩),한국민속촌 한돈 앞자리 순살족발,한국민속촌,양념육,족발,,,,,,,confirmed,Y,create_new,2026-08-25T15:22:12+09:00,
한끼든든 장어탕 x 더,한끼든든 장어탕,,탕/보양식,장어,,,,,,,확정,Y,,,표준명 통합: 한끼든든 장어탕 | 반복 2회 / 제목형태 1종 / 신뢰도 보통
한명숙 가마솥꼬리수육탕 800g×10팩,한명숙가마솥꼬리수육탕,한명숙,식육추출가공품,곰탕,,,,,,,confirmed,Y,create_new,2026-08-25T15:34:25+09:00,
한미완전두유 더진한 3종세트 총 96팩 (서리태두유 32팩 + 국산콩두유 32팩 +렌틸콩두유 32팩 ),한미 완전두유 더진한 서리태 무가당99.9,한미,가공두유,두유,,,,,,,confirmed,Y,create_new,2026-08-25T18:05:22+09:00,
[한복선] 한복선 프리미엄 꽃갈비살 총 8팩(1.2kg/팩당 150g),한복선 프리미엄 꽃갈비살 구이,한복선,양념육,갈비,,,,,,,confirmed,Y,create_new,2026-08-25T18:14:22+09:00,
한복선의 풍미가득 포기김치,한복선의 풍미가득 포기김치,한복선,김치,배추,,,,,,,확정,Y,,,반복 2회 / 제목형태 1종 / 신뢰도 보통
한복선의 한우 소머리곰탕 600g x 10팩 (6kg),한복선의 한우 소머리곰탕,한복선,식육추출가공품,곰탕,,,,,,,confirmed,Y,create_new,2026-08-25T14:13:02+09:00,
한삼인홍삼진플러스,한삼인 홍삼진플러스,한삼인,건강식품/홍삼,홍삼,,,,,,,확정,Y,,,표준명 통합: 한삼인 홍삼진플러스 | 반복 3회 / 제목형태 1종 / 신뢰도 높음
한생원 천연 육수팩 4팩(해물2 해장2) 천연버섯소금3종,한생원 해물육수팩,한생원,기타수산물가공품,육수,,,,,,,confirmed,Y,create_new,2026-08-25T17:48:49+09:00,
새우육젓1,한식단 국내산 새우젓,한식단,젓갈,새우젓,,,,,,,confirmed,Y,create_new,2026-08-25T16:33:54+09:00,
한우 구이 세트 X,한우 구이 세트,,육류,소고기/육류,,,,,,,확정,Y,,,표준명 통합: 한우 구이 세트 | 반복 2회 / 제목형태 1종 / 신뢰도 보통
[한우먹는날] 한우 1++ NO.9스테이크 8팩 (최고등급),한우먹는날 한우 1++NO.9 스테이크,한우먹는날,양념육,소고기,,,,,,,confirmed,Y,create_new,2026-08-25T13:29:47+09:00,
[전국한우협회]한우먹는날 한우1++구이 150g x 8팩,한우먹는날 한우 1++ 구이,한우먹는날,양념육,소고기,,,,,,,confirmed,Y,create_new,2026-08-25T17:45:11+09:00,
[무려11팩][전국한우협회]한우먹는날 한우 암소 안심스테이크 11팩(1.21kg),한우먹는날 한우 안심스테이크,한우먹는날,양념육,소고기,,,,,,,confirmed,Y,create_new,2026-08-25T16:06:43+09:00,
[30팩] 한우물 일품볶음밥 6종,한우물 일품 볶음밥,한우물,즉석조리식품,볶음밥,,,,,,,confirmed,Y,create_new,2026-08-25T16:00:36+09:00,
해남 땅끝마을 포기김치9kg+총각김치2kg+보리열무김치1kg(총12kg),해남 땅끝마을 포기김치,해남땅끝마을,김치,김치,,,,,,,confirmed,Y,create_new,2026-08-25T14:14:07+09:00,
해남땅끝마을김치,해남 땅끝마을 포기김치,해남땅끝마을,김치,김치,,,,,,,confirmed,Y,link_existing,2026-08-25T15:09:28+09:00,
세번구운파래김,해농 맛파래김,해농,기타수산물가공품,김,,,,,,,confirmed,Y,create_new,2026-08-25T14:05:05+09:00,
멸치세트 볶음용150g×3봉+조림용150g×5봉+대멸치150g×1봉,해동찬가 국내산 멸치세트,해동찬가,수산물,멸치,,,,,,,confirmed,Y,create_new,2026-08-25T17:38:41+09:00,
[해물식탁] 반건조 국내산 민어(특대+) 350g X 10미,해물식탁 반건조 통민어,해물식탁,기타수산물가공품,민어,,,,,,,confirmed,Y,create_new,2026-08-25T17:52:39+09:00,
해통령육수명장,해통령 육수명장 분말스틱,해통령,복합조미식품,코인육수,,,,,,,confirmed,Y,link_existing,2026-08-25T16:45:34+09:00,
해통령육수분말1,해통령 육수명장 분말스틱,해통령,복합조미식품,코인육수,,,,,,,confirmed,Y,create_new,2026-08-25T14:52:37+09:00,
해통령육수분말2,해통령 육수명장 분말스틱,해통령,복합조미식품,코인육수,,,,,,,confirmed,Y,link_existing,2026-08-25T15:19:16+09:00,
"[정성곳간] 정성곳간 토종 닭백숙 1.4kg x 5팩, 누룽지탕 500g x 5팩",행복을파는사람들 정성곳간 토종 닭백숙,정성곳간,식육추출가공품,닭백숙,,,,,,,confirmed,Y,create_new,2026-08-25T18:18:25+09:00,
허브이오 파로 효소 10박스,허브이오 파로 효소,허브이오,효소식품,파로,,,,,,,confirmed,Y,create_new,2026-08-25T17:21:04+09:00,
알파CD 원데이핏 알파시클로덱스트린 난소화성말토덱스트린 14포 6+6박스 총 168포,헬로바이오 알파CD 원데이핏,헬로바이오,기타가공품,알파CD,,,,,,,confirmed,Y,create_new,2026-08-25T13:08:21+09:00,
헬스브릿지 유기농 엑스트라버진 올리브오일,헬스브릿지 유기농 엑스트라버진 올리브오일,,오일,올리브,,,,,,,확정,Y,,,반복 2회 / 제목형태 1종 / 신뢰도 보통
호주직수입 베지 크리스프 오리지널 * 2봉+브로콜리 플로렛츠 * 2봉+표고버섯 크리스프 * 2봉+ 스냅피 * 2봉,호주직수입 베지 크리스프 오리지널 * 2봉+브로콜리 플로렛츠 * 2봉+표고버섯 크리스프 * 2봉+ 스냅피 * 2봉,,,,,,,,,,확인필요,N,,,2026-08-23 신규 자동등록 · 대시보드에서 확정/병합/제외 필요
홀베리 유기농 야생 빌베리 10g*14포*8박스 + 방송에서만 4박스 더,홀베리 유기농 야생 빌베리,홀베리,과채주스,빌베리,,,,,,,confirmed,Y,create_new,2026-08-25T15:17:23+09:00,
"유기농 올리브 트리플 12박스(1,500mg*14포*12박스/24주분) | 원산지 : 상품정보 참조",홀베리 유기농 올리브 트리플,홀베리,올리브유,올리브유,,,,,,,confirmed,Y,create_new,2026-08-25T17:21:47+09:00,
홀베리 통째로 갈아만든 유기농 블루베리 8+4박스(총 168포),홀베리 통째로 갈아만든 유기농 블루베리,홀베리,과채주스,블루베리,,,,,,,confirmed,Y,create_new,2026-08-25T13:28:05+09:00,
화과방 프리미엄 큐빅양갱(60개입)+쇼핑백 / 간식 양갱 선물,화과방 큐빅양갱,화과방,캔디류,양갱,,,,,,,confirmed,Y,create_new,2026-08-25T11:47:38+09:00,
황성주 박사의 라이프 밀 흔들컵2,황성주 박사의 라이프밀,황성주,대용식/영양식,,,,,,,,확정,Y,,,표준명 통합: 황성주 박사의 라이프밀 | 반복 2회 / 제목형태 1종 / 신뢰도 보통
[효돈농협]프리미엄 제주 하우스 감귤 특등급 2.5kg (2s-m 사이즈),효돈농협 하우스 감귤,효돈농협,과일,감귤,,,,,,,confirmed,Y,create_new,2026-08-25T15:18:54+09:00,
경북 제철 햇 자두 2kg,흙이음 경북 햇 자두,흙이음,과일,자두,,,,,,,confirmed,Y,create_new,2026-08-25T15:28:32+09:00,
